{"actions":[],"apps":[{"acl":{"app":[],"field":[],"record":[]},"app":null,"category":{"categories":[],"useCategory":"false"},"form":{"layout":"[{\"id\":null,\"type\":\"ROW\",\"isSubTable\":false,\"var\":null,\"controlList\":[{\"isVirtical\":true,\"styleMap\":{\"width\":174},\"type\":\"SINGLE_LINE_TEXT\",\"var\":\"\\u6ce8\\u6587\\u756a\\u53f7\",\"label\":\"\\u6ce8\\u6587\\u756a\\u53f7\"},{\"isVirtical\":true,\"styleMap\":{\"width\":117},\"type\":\"DATE\",\"var\":\"\\u6ce8\\u6587\\u65e5\",\"label\":\"\\u6ce8\\u6587\\u65e5\"}]},{\"id\":null,\"type\":\"ROW\",\"isSubTable\":false,\"var\":null,\"controlList\":[{\"isVirtical\":true,\"styleMap\":{\"width\":193},\"type\":\"CALC\",\"var\":\"\\u5408\\u8a08\\u91d1\\u984d\",\"label\":\"\\u5408\\u8a08\\u91d1\\u984d\"}]},{\"id\":\"5125236\",\"type\":\"SUBTABLE\",\"isSubTable\":true,\"var\":\"\\u5546\\u54c1\\u30ea\\u30b9\\u30c8\",\"controlList\":[{\"isVirtical\":true,\"styleMap\":{\"width\":196},\"type\":\"SINGLE_LINE_TEXT\",\"var\":\"\\u5546\\u54c1\\u30b3\\u30fc\\u30c9\",\"label\":\"\\u5546\\u54c1\\u30b3\\u30fc\\u30c9\"},{\"isVirtical\":true,\"styleMap\":{\"width\":229},\"type\":\"SINGLE_LINE_TEXT\",\"var\":\"\\u5546\\u54c1\\u540d\",\"label\":\"\\u5546\\u54c1\\u540d\"},{\"isVirtical\":true,\"styleMap\":{\"width\":134},\"type\":\"DECIMAL\",\"var\":\"\\u8ca9\\u58f2\\u5358\\u4fa1\",\"label\":\"\\u8ca9\\u58f2\\u5358\\u4fa1\"},{\"isVirtical\":true,\"styleMap\":{\"width\":118},\"type\":\"DECIMAL\",\"var\":\"\\u6570\\u91cf\",\"label\":\"\\u6570\\u91cf\"},{\"isVirtical\":true,\"styleMap\":{\"width\":134},\"type\":\"CALC\",\"var\":\"\\u5c0f\\u8a08\\u91d1\\u984d\",\"label\":\"\\u5c0f\\u8a08\\u91d1\\u984d\"}]},{\"id\":null,\"type\":\"ROW\",\"isSubTable\":false,\"var\":null,\"controlList\":[{\"isVirtical\":true,\"styleMap\":{\"width\":196},\"type\":\"SINGLE_SELECT\",\"var\":\"\\u5236\\u5fa1\\u9805\\u76ee_\\u5728\\u5eab\\u53cd\\u6620\\u72b6\\u6cc1\",\"label\":\"\\u5236\\u5fa1\\u9805\\u76ee_\\u5728\\u5eab\\u53cd\\u6620\\u72b6\\u6cc1\"}]}]","revision":null},"iconMeta":null,"info":{"code":null,"decimalPrecision":"16","decimalScale":"4","description":"\u003Cdiv\u003E\u003Cspan style=\"font-size: 16.0px;line-height: 15.6px;\"\u003Ekintone university デベロッパー 開発基礎コースのサンプルアプリです。\u003C/span\u003E\u003Cbr /\u003E\u003Cdiv\u003E\u003Cspan style=\"font-size: 16.0px;line-height: 15.6px;\"\u003E注文情報を管理します。\u003C/span\u003E\u003C/div\u003E\u003C/div\u003E","enableBulkDeletion":"false","fiscalYearStartMonth":"4","iconKey":"APP86","iconType":"PRESET","jsFiles":null,"jsScope":"ALL","name":"5章_注文","roundingMode":"HALF_EVEN","theme":"TASK","titleComponentLocalId":null,"useComment":"true","useHistory":"true","useThumbnail":"true"},"jsFiles":[],"notification":{"appNotifications":[{"events":["RECORD_COMMENT_ADDED"],"target":{"entityId":"5125179","entityType":"FIELD_ENTITY","includeSubs":"false"}},{"events":["RECORD_COMMENT_ADDED"],"target":{"entityId":"5125180","entityType":"FIELD_ENTITY","includeSubs":"false"}}],"recordNotifications":[],"reminderTimezone":null,"reminders":[],"useComment":"true","useReminder":"false"},"plugin":{"pluginIds":[]},"reports":[],"resource":{"tables":[{"rows":[{"fields":[],"objectId":"0","subObjectId":"-1"}],"type":"AppName"},{"rows":[{"fields":[],"objectId":"0","subObjectId":"-1"}],"type":"AppDescription"},{"rows":[{"fields":[],"objectId":"5125178","subObjectId":"-1"},{"fields":[],"objectId":"5125179","subObjectId":"-1"},{"fields":[],"objectId":"5125180","subObjectId":"-1"},{"fields":[],"objectId":"5125181","subObjectId":"-1"},{"fields":[],"objectId":"5125182","subObjectId":"-1"},{"fields":[],"objectId":"5125183","subObjectId":"-1"},{"fields":[],"objectId":"5125184","subObjectId":"-1"},{"fields":[],"objectId":"5125185","subObjectId":"-1"},{"fields":[],"objectId":"5125227","subObjectId":"-1"},{"fields":[],"objectId":"5125236","subObjectId":"-1"},{"fields":[],"objectId":"5125231","subObjectId":"-1"},{"fields":[],"objectId":"5125232","subObjectId":"-1"},{"fields":[],"objectId":"5125233","subObjectId":"-1"},{"fields":[],"objectId":"5125234","subObjectId":"-1"},{"fields":[],"objectId":"5125235","subObjectId":"-1"},{"fields":[],"objectId":"5125247","subObjectId":"-1"},{"fields":[],"objectId":"5125248","subObjectId":"-1"},{"fields":[],"objectId":"5125276","subObjectId":"-1"},{"fields":[],"objectId":"5125276","subObjectId":"5125274"},{"fields":[],"objectId":"5125276","subObjectId":"5125275"}],"type":"FieldLabel"},{"rows":[{"fields":[],"objectId":"5125191","subObjectId":"-1"},{"fields":[],"objectId":"5125246","subObjectId":"-1"},{"fields":[],"objectId":"20","subObjectId":"-1"}],"type":"ViewName"},{"rows":[{"fields":[],"objectId":"5125238","subObjectId":"-1"},{"fields":[],"objectId":"5125239","subObjectId":"-1"},{"fields":[],"objectId":"5125240","subObjectId":"-1"}],"type":"StatusState"},{"rows":[{"fields":[],"objectId":"5125243","subObjectId":"-1"},{"fields":[],"objectId":"5125244","subObjectId":"-1"}],"type":"StatusAction"}]},"schema":{"groups":[],"revision":null,"subTable":{"5125236":{"fieldList":{"5125231":{"id":"5125231","label":"商品コード","properties":{"defaultValue":"","expression":"","hideExpression":"false","max":null,"min":null,"noLabel":"false","required":"true","unique":"false"},"type":"SINGLE_LINE_TEXT","var":"商品コード"},"5125232":{"id":"5125232","label":"商品名","properties":{"defaultValue":"","expression":"","hideExpression":"false","max":null,"min":null,"noLabel":"false","required":"true","unique":"false"},"type":"SINGLE_LINE_TEXT","var":"商品名"},"5125233":{"id":"5125233","label":"販売単価","properties":{"defaultValue":null,"digit":"false","displayScale":null,"max":null,"min":null,"noLabel":"false","required":"true","roundingMode":null,"scale":null,"unique":"false","unit":"円","unitPosition":"AFTER"},"type":"DECIMAL","var":"販売単価"},"5125234":{"id":"5125234","label":"数量","properties":{"defaultValue":null,"digit":"false","displayScale":null,"max":null,"min":null,"noLabel":"false","required":"true","roundingMode":null,"scale":null,"unique":"false","unit":"","unitPosition":"BEFORE"},"type":"DECIMAL","var":"数量"},"5125235":{"id":"5125235","label":"小計金額","properties":{"displayScale":null,"expression":"販売単価 * 数量","format":"NUMBER_DIGIT","hideExpression":"false","noLabel":"false","required":"false","roundingMode":null,"scale":null,"unit":"円","unitPosition":"AFTER"},"type":"CALC","var":"小計金額"}},"id":"5125236","label":"商品リスト","var":"商品リスト"}},"table":{"fieldList":{"5125178":{"id":"5125178","label":"レコード番号","properties":{"noLabel":"false","required":"true"},"type":"RECORD_ID","var":"レコード番号"},"5125179":{"id":"5125179","label":"更新者","properties":{"noLabel":"false","required":"true"},"type":"MODIFIER","var":"更新者"},"5125180":{"id":"5125180","label":"作成者","properties":{"noLabel":"false","required":"true"},"type":"CREATOR","var":"作成者"},"5125181":{"id":"5125181","label":"更新日時","properties":{"noLabel":"false","required":"true"},"type":"MODIFIED_AT","var":"更新日時"},"5125182":{"id":"5125182","label":"作成日時","properties":{"noLabel":"false","required":"true"},"type":"CREATED_AT","var":"作成日時"},"5125183":{"id":"5125183","label":"ステータス","properties":{"noLabel":"false","required":"false"},"type":"STATUS","var":"ステータス"},"5125184":{"id":"5125184","label":"作業者","properties":{"noLabel":"false","required":"false"},"type":"STATUS_ASSIGNEE","var":"作業者"},"5125185":{"id":"5125185","label":"カテゴリー","properties":{"noLabel":"false","required":"false"},"type":"CATEGORY","var":"カテゴリー"},"5125227":{"id":"5125227","label":"注文日","properties":{"defaultExpression":"NOW","defaultValue":null,"noLabel":"false","required":"true","unique":"false"},"type":"DATE","var":"注文日"},"5125247":{"id":"5125247","label":"合計金額","properties":{"displayScale":null,"expression":"SUM(小計金額)","format":"NUMBER_DIGIT","hideExpression":"false","noLabel":"false","required":"false","roundingMode":null,"scale":null,"unit":"円","unitPosition":"AFTER"},"type":"CALC","var":"合計金額"},"5125248":{"id":"5125248","label":"注文番号","properties":{"defaultValue":"","expression":"","hideExpression":"false","max":null,"min":null,"noLabel":"false","required":"true","unique":"false"},"type":"SINGLE_LINE_TEXT","var":"注文番号"},"5125276":{"id":"5125276","label":"制御項目_在庫反映状況","properties":{"defaultValue":"5125274","noLabel":"false","options":[{"id":"5125274","label":"未","valid":true},{"id":"5125275","label":"済","valid":true}],"required":"true"},"type":"SINGLE_SELECT","var":"制御項目_在庫反映状況"}},"id":"1","label":"__ROOT__","var":"__ROOT__"}},"status":{"actions":[{"app":null,"assignees":[],"filter":"5125241","from":"5125238","fromLabel":null,"id":"5125243","label":"納品手配する","record":null,"revision":null,"to":"5125239","toApprovalType":null,"toLabel":null,"valid":true},{"app":null,"assignees":[],"filter":"5125242","from":"5125239","fromLabel":null,"id":"5125244","label":"納品完了にする","record":null,"revision":null,"to":"5125240","toApprovalType":null,"toLabel":null,"valid":true}],"filters":[{"condition":"","id":"5125241","state":"5125238"},{"condition":"","id":"5125242","state":"5125239"}],"initialStateId":"5125238","states":[{"approvalType":"ONE","assignees":[{"entityId":"5125180","entityName":"作成者","entityType":"FIELD_ENTITY","includeSubs":"false"}],"id":"5125238","initial":true,"label":"受注","valid":true},{"approvalType":"ONE","assignees":[],"id":"5125239","initial":false,"label":"納品処理中","valid":true},{"approvalType":"ONE","assignees":[],"id":"5125240","initial":false,"label":"納品済","valid":true}],"useStatus":"true"},"uuid":"23aec9bf-f5af-480a-877e-d9695e47a7c8","views":[{"advancedMode":"false","builtinType":null,"fields":[{"row":[{"id":"5125248"},{"id":"5125227"},{"id":"5125247"},{"id":"5125236"},{"id":"5125183"},{"id":"5125276"}]}],"filter":{"category":null,"offset":null,"order":["DESC"],"q":null,"size":null,"sort":["f5125248"]},"html":null,"keyFieldId":null,"name":"注文一覧","pager":null,"revision":null,"titleFieldId":null,"view":"5125191","viewType":"LIST"},{"advancedMode":"false","builtinType":"ASSIGN","fields":[{"row":[{"id":"5125178"},{"id":"5125227"},{"id":"5125183"},{"id":"5125184"}]}],"filter":{"category":null,"offset":null,"order":[],"q":"f5125184 in (LOGINUSER())","size":null,"sort":[]},"html":null,"keyFieldId":null,"name":"（作業者が自分）","pager":null,"revision":null,"titleFieldId":null,"view":"5125246","viewType":"LIST"},{"advancedMode":null,"builtinType":"ALL","fields":[{"row":[{"id":"5125178"},{"id":"5125227"},{"id":"5125183"},{"id":"5125184"},{"id":"5125247"},{"id":"5125248"},{"id":"5125276"}]}],"filter":{"category":null,"offset":null,"order":[],"q":null,"size":null,"sort":[]},"html":null,"keyFieldId":null,"name":"（すべて）","pager":null,"revision":null,"titleFieldId":null,"view":"20","viewType":"LIST"}]},{"acl":{"app":[],"field":[],"record":[]},"app":null,"category":{"categories":[],"useCategory":"false"},"form":{"layout":"[{\"id\":null,\"type\":\"ROW\",\"isSubTable\":false,\"var\":null,\"controlList\":[{\"isVirtical\":true,\"styleMap\":{\"width\":142},\"type\":\"SINGLE_LINE_TEXT\",\"var\":\"\\u5546\\u54c1\\u30b3\\u30fc\\u30c9\",\"label\":\"\\u5546\\u54c1\\u30b3\\u30fc\\u30c9\"}]},{\"id\":null,\"type\":\"ROW\",\"isSubTable\":false,\"var\":null,\"controlList\":[{\"isVirtical\":true,\"styleMap\":{\"width\":390},\"type\":\"SINGLE_LINE_TEXT\",\"var\":\"\\u5546\\u54c1\\u540d\",\"label\":\"\\u5546\\u54c1\\u540d\"}]},{\"id\":null,\"type\":\"ROW\",\"isSubTable\":false,\"var\":null,\"controlList\":[{\"isVirtical\":true,\"styleMap\":{\"width\":134},\"type\":\"DECIMAL\",\"var\":\"\\u4ed5\\u5165\\u5358\\u4fa1\",\"label\":\"\\u4ed5\\u5165\\u5358\\u4fa1\"},{\"isVirtical\":true,\"styleMap\":{\"width\":134},\"type\":\"DECIMAL\",\"var\":\"\\u8ca9\\u58f2\\u5358\\u4fa1\",\"label\":\"\\u8ca9\\u58f2\\u5358\\u4fa1\"}]}]","revision":null},"iconMeta":null,"info":{"code":null,"decimalPrecision":"16","decimalScale":"4","description":"\u003Cdiv\u003E\u003Cspan style=\"font-size: 16.0px;line-height: 15.6px;\"\u003Ekintone university デベロッパー 開発基礎コースのサンプルアプリです。\u003C/span\u003E\u003Cbr /\u003E\u003Cdiv\u003E\u003Cspan style=\"font-size: 16.0px;line-height: 15.6px;\"\u003E商品情報を管理します。\u003C/span\u003E\u003C/div\u003E\u003C/div\u003E\u003Cdiv\u003E\u003Cspan style=\"font-size: 16.0px;line-height: 15.6px;\"\u003E\u003Cbr /\u003E\u003C/span\u003E\u003C/div\u003E","enableBulkDeletion":"false","fiscalYearStartMonth":"4","iconKey":"APP48","iconType":"PRESET","jsFiles":null,"jsScope":"ALL","name":"5章_商品","roundingMode":"HALF_EVEN","theme":"TASK","titleComponentLocalId":null,"useComment":"true","useHistory":"true","useThumbnail":"true"},"jsFiles":[],"notification":{"appNotifications":[{"events":["RECORD_COMMENT_ADDED"],"target":{"entityId":"5125179","entityType":"FIELD_ENTITY","includeSubs":"false"}},{"events":["RECORD_COMMENT_ADDED"],"target":{"entityId":"5125180","entityType":"FIELD_ENTITY","includeSubs":"false"}}],"recordNotifications":[],"reminderTimezone":null,"reminders":[],"useComment":"true","useReminder":"false"},"plugin":{"pluginIds":[]},"reports":[],"resource":{"tables":[{"rows":[{"fields":[],"objectId":"0","subObjectId":"-1"}],"type":"AppName"},{"rows":[{"fields":[],"objectId":"0","subObjectId":"-1"}],"type":"AppDescription"},{"rows":[{"fields":[],"objectId":"5125178","subObjectId":"-1"},{"fields":[],"objectId":"5125179","subObjectId":"-1"},{"fields":[],"objectId":"5125180","subObjectId":"-1"},{"fields":[],"objectId":"5125181","subObjectId":"-1"},{"fields":[],"objectId":"5125182","subObjectId":"-1"},{"fields":[],"objectId":"5125183","subObjectId":"-1"},{"fields":[],"objectId":"5125184","subObjectId":"-1"},{"fields":[],"objectId":"5125185","subObjectId":"-1"},{"fields":[],"objectId":"5125186","subObjectId":"-1"},{"fields":[],"objectId":"5125187","subObjectId":"-1"},{"fields":[],"objectId":"5125188","subObjectId":"-1"},{"fields":[],"objectId":"5125189","subObjectId":"-1"}],"type":"FieldLabel"},{"rows":[{"fields":[],"objectId":"5125191","subObjectId":"-1"},{"fields":[],"objectId":"20","subObjectId":"-1"}],"type":"ViewName"}]},"schema":{"groups":[],"revision":null,"subTable":{},"table":{"fieldList":{"5125178":{"id":"5125178","label":"レコード番号","properties":{"noLabel":"false","required":"true"},"type":"RECORD_ID","var":"レコード番号"},"5125179":{"id":"5125179","label":"更新者","properties":{"noLabel":"false","required":"true"},"type":"MODIFIER","var":"更新者"},"5125180":{"id":"5125180","label":"作成者","properties":{"noLabel":"false","required":"true"},"type":"CREATOR","var":"作成者"},"5125181":{"id":"5125181","label":"更新日時","properties":{"noLabel":"false","required":"true"},"type":"MODIFIED_AT","var":"更新日時"},"5125182":{"id":"5125182","label":"作成日時","properties":{"noLabel":"false","required":"true"},"type":"CREATED_AT","var":"作成日時"},"5125183":{"id":"5125183","label":"ステータス","properties":{"noLabel":"false","required":"false"},"type":"STATUS","var":"ステータス"},"5125184":{"id":"5125184","label":"作業者","properties":{"noLabel":"false","required":"false"},"type":"STATUS_ASSIGNEE","var":"作業者"},"5125185":{"id":"5125185","label":"カテゴリー","properties":{"noLabel":"false","required":"false"},"type":"CATEGORY","var":"カテゴリー"},"5125186":{"id":"5125186","label":"商品コード","properties":{"defaultValue":"","expression":"","hideExpression":"false","max":"5","min":"5","noLabel":"false","required":"true","unique":"true"},"type":"SINGLE_LINE_TEXT","var":"商品コード"},"5125187":{"id":"5125187","label":"商品名","properties":{"defaultValue":"","expression":"","hideExpression":"false","max":null,"min":null,"noLabel":"false","required":"true","unique":"false"},"type":"SINGLE_LINE_TEXT","var":"商品名"},"5125188":{"id":"5125188","label":"仕入単価","properties":{"defaultValue":null,"digit":"true","displayScale":null,"max":null,"min":null,"noLabel":"false","required":"true","roundingMode":null,"scale":null,"unique":"false","unit":"円","unitPosition":"AFTER"},"type":"DECIMAL","var":"仕入単価"},"5125189":{"id":"5125189","label":"販売単価","properties":{"defaultValue":null,"digit":"true","displayScale":null,"max":null,"min":null,"noLabel":"false","required":"true","roundingMode":null,"scale":null,"unique":"false","unit":"円","unitPosition":"AFTER"},"type":"DECIMAL","var":"販売単価"}},"id":"1","label":"__ROOT__","var":"__ROOT__"}},"status":{"actions":[],"filters":[],"initialStateId":null,"states":[],"useStatus":"false"},"uuid":"61bd5fe6-d18f-4d3c-b434-c0aff7dc2a8d","views":[{"advancedMode":"false","builtinType":null,"fields":[{"row":[{"id":"5125186"},{"id":"5125187"},{"id":"5125188"},{"id":"5125189"}]}],"filter":{"category":null,"offset":null,"order":["ASC"],"q":null,"size":null,"sort":["f5125186"]},"html":null,"keyFieldId":null,"name":"商品一覧","pager":null,"revision":null,"titleFieldId":null,"view":"5125191","viewType":"LIST"},{"advancedMode":null,"builtinType":"ALL","fields":[{"row":[{"id":"5125178"},{"id":"5125186"},{"id":"5125187"},{"id":"5125188"},{"id":"5125189"}]}],"filter":{"category":null,"offset":null,"order":[],"q":null,"size":null,"sort":[]},"html":null,"keyFieldId":null,"name":"（すべて）","pager":null,"revision":null,"titleFieldId":null,"view":"20","viewType":"LIST"}]},{"acl":{"app":[],"field":[],"record":[]},"app":null,"category":{"categories":[],"useCategory":"false"},"form":{"layout":"[{\"id\":null,\"type\":\"ROW\",\"isSubTable\":false,\"var\":null,\"controlList\":[{\"isVirtical\":true,\"styleMap\":{\"width\":117},\"type\":\"DATE\",\"var\":\"\\u4ed5\\u5165\\u65e5\",\"label\":\"\\u4ed5\\u5165\\u65e5\"}]},{\"id\":null,\"type\":\"ROW\",\"isSubTable\":false,\"var\":null,\"controlList\":[{\"isVirtical\":true,\"styleMap\":{\"width\":196},\"type\":\"SINGLE_LINE_TEXT\",\"var\":\"\\u5546\\u54c1\\u30b3\\u30fc\\u30c9\",\"label\":\"\\u5546\\u54c1\\u30b3\\u30fc\\u30c9\"},{\"isVirtical\":true,\"styleMap\":{\"width\":263},\"type\":\"SINGLE_LINE_TEXT\",\"var\":\"\\u5546\\u54c1\\u540d\",\"label\":\"\\u5546\\u54c1\\u540d\"}]},{\"id\":null,\"type\":\"ROW\",\"isSubTable\":false,\"var\":null,\"controlList\":[{\"isVirtical\":true,\"styleMap\":{\"width\":134},\"type\":\"DECIMAL\",\"var\":\"\\u4ed5\\u5165\\u5358\\u4fa1\",\"label\":\"\\u4ed5\\u5165\\u5358\\u4fa1\"},{\"isVirtical\":true,\"styleMap\":{\"width\":118},\"type\":\"DECIMAL\",\"var\":\"\\u6570\\u91cf\",\"label\":\"\\u6570\\u91cf\"},{\"isVirtical\":true,\"styleMap\":{\"width\":134},\"type\":\"CALC\",\"var\":\"\\u5408\\u8a08\\u91d1\\u984d\",\"label\":\"\\u5408\\u8a08\\u91d1\\u984d\"}]},{\"id\":null,\"type\":\"ROW\",\"isSubTable\":false,\"var\":null,\"controlList\":[{\"isVirtical\":true,\"styleMap\":{\"width\":196},\"type\":\"SINGLE_SELECT\",\"var\":\"\\u5236\\u5fa1\\u9805\\u76ee_\\u5728\\u5eab\\u53cd\\u6620\\u72b6\\u6cc1\",\"label\":\"\\u5236\\u5fa1\\u9805\\u76ee_\\u5728\\u5eab\\u53cd\\u6620\\u72b6\\u6cc1\"}]}]","revision":null},"iconMeta":null,"info":{"code":null,"decimalPrecision":"16","decimalScale":"4","description":"\u003Cdiv\u003E\u003Cspan style=\"font-size: 16.0px;line-height: 15.6px;\"\u003Ekintone university デベロッパー 開発基礎コースのサンプルアプリです。\u003C/span\u003E\u003Cbr /\u003E\u003Cdiv\u003E\u003Cspan style=\"font-size: 16.0px;line-height: 15.6px;\"\u003E仕入情報を管理します。\u003C/span\u003E\u003C/div\u003E\u003C/div\u003E","enableBulkDeletion":"false","fiscalYearStartMonth":"4","iconKey":"APP55","iconType":"PRESET","jsFiles":null,"jsScope":"ALL","name":"5章_仕入","roundingMode":"HALF_EVEN","theme":"TASK","titleComponentLocalId":null,"useComment":"true","useHistory":"true","useThumbnail":"true"},"jsFiles":[],"notification":{"appNotifications":[{"events":["RECORD_COMMENT_ADDED"],"target":{"entityId":"5125179","entityType":"FIELD_ENTITY","includeSubs":"false"}},{"events":["RECORD_COMMENT_ADDED"],"target":{"entityId":"5125180","entityType":"FIELD_ENTITY","includeSubs":"false"}}],"recordNotifications":[],"reminderTimezone":null,"reminders":[],"useComment":"true","useReminder":"false"},"plugin":{"pluginIds":[]},"reports":[],"resource":{"tables":[{"rows":[{"fields":[],"objectId":"0","subObjectId":"-1"}],"type":"AppName"},{"rows":[{"fields":[],"objectId":"0","subObjectId":"-1"}],"type":"AppDescription"},{"rows":[{"fields":[],"objectId":"5125178","subObjectId":"-1"},{"fields":[],"objectId":"5125179","subObjectId":"-1"},{"fields":[],"objectId":"5125180","subObjectId":"-1"},{"fields":[],"objectId":"5125181","subObjectId":"-1"},{"fields":[],"objectId":"5125182","subObjectId":"-1"},{"fields":[],"objectId":"5125183","subObjectId":"-1"},{"fields":[],"objectId":"5125184","subObjectId":"-1"},{"fields":[],"objectId":"5125185","subObjectId":"-1"},{"fields":[],"objectId":"5125187","subObjectId":"-1"},{"fields":[],"objectId":"5125188","subObjectId":"-1"},{"fields":[],"objectId":"5125223","subObjectId":"-1"},{"fields":[],"objectId":"5125224","subObjectId":"-1"},{"fields":[],"objectId":"5125225","subObjectId":"-1"},{"fields":[],"objectId":"5125227","subObjectId":"-1"},{"fields":[],"objectId":"5125279","subObjectId":"-1"},{"fields":[],"objectId":"5125279","subObjectId":"5125277"},{"fields":[],"objectId":"5125279","subObjectId":"5125278"}],"type":"FieldLabel"},{"rows":[{"fields":[],"objectId":"5125191","subObjectId":"-1"},{"fields":[],"objectId":"20","subObjectId":"-1"}],"type":"ViewName"}]},"schema":{"groups":[],"revision":null,"subTable":{},"table":{"fieldList":{"5125178":{"id":"5125178","label":"レコード番号","properties":{"noLabel":"false","required":"true"},"type":"RECORD_ID","var":"レコード番号"},"5125179":{"id":"5125179","label":"更新者","properties":{"noLabel":"false","required":"true"},"type":"MODIFIER","var":"更新者"},"5125180":{"id":"5125180","label":"作成者","properties":{"noLabel":"false","required":"true"},"type":"CREATOR","var":"作成者"},"5125181":{"id":"5125181","label":"更新日時","properties":{"noLabel":"false","required":"true"},"type":"MODIFIED_AT","var":"更新日時"},"5125182":{"id":"5125182","label":"作成日時","properties":{"noLabel":"false","required":"true"},"type":"CREATED_AT","var":"作成日時"},"5125183":{"id":"5125183","label":"ステータス","properties":{"noLabel":"false","required":"false"},"type":"STATUS","var":"ステータス"},"5125184":{"id":"5125184","label":"作業者","properties":{"noLabel":"false","required":"false"},"type":"STATUS_ASSIGNEE","var":"作業者"},"5125185":{"id":"5125185","label":"カテゴリー","properties":{"noLabel":"false","required":"false"},"type":"CATEGORY","var":"カテゴリー"},"5125187":{"id":"5125187","label":"商品名","properties":{"defaultValue":"","expression":"","hideExpression":"false","max":null,"min":null,"noLabel":"false","required":"true","unique":"false"},"type":"SINGLE_LINE_TEXT","var":"商品名"},"5125188":{"id":"5125188","label":"仕入単価","properties":{"defaultValue":null,"digit":"false","displayScale":null,"max":null,"min":null,"noLabel":"false","required":"true","roundingMode":null,"scale":null,"unique":"false","unit":"円","unitPosition":"AFTER"},"type":"DECIMAL","var":"仕入単価"},"5125223":{"id":"5125223","label":"商品コード","properties":{"defaultValue":"","expression":"","hideExpression":"false","max":null,"min":null,"noLabel":"false","required":"true","unique":"false"},"type":"SINGLE_LINE_TEXT","var":"商品コード"},"5125224":{"id":"5125224","label":"数量","properties":{"defaultValue":null,"digit":"false","displayScale":null,"max":null,"min":null,"noLabel":"false","required":"true","roundingMode":null,"scale":null,"unique":"false","unit":"","unitPosition":"BEFORE"},"type":"DECIMAL","var":"数量"},"5125225":{"id":"5125225","label":"合計金額","properties":{"displayScale":null,"expression":"仕入単価 * 数量","format":"NUMBER_DIGIT","hideExpression":"false","noLabel":"false","required":"false","roundingMode":null,"scale":null,"unit":"円","unitPosition":"AFTER"},"type":"CALC","var":"合計金額"},"5125227":{"id":"5125227","label":"仕入日","properties":{"defaultExpression":"NOW","defaultValue":null,"noLabel":"false","required":"true","unique":"false"},"type":"DATE","var":"仕入日"},"5125279":{"id":"5125279","label":"制御項目_在庫反映状況","properties":{"defaultValue":"5125277","noLabel":"false","options":[{"id":"5125277","label":"未","valid":true},{"id":"5125278","label":"済","valid":true}],"required":"true"},"type":"SINGLE_SELECT","var":"制御項目_在庫反映状況"}},"id":"1","label":"__ROOT__","var":"__ROOT__"}},"status":{"actions":[],"filters":[],"initialStateId":null,"states":[],"useStatus":"false"},"uuid":"04758d1b-f84a-47d3-b494-23bd38b8f66f","views":[{"advancedMode":"false","builtinType":null,"fields":[{"row":[{"id":"5125227"},{"id":"5125223"},{"id":"5125187"},{"id":"5125188"},{"id":"5125224"},{"id":"5125225"},{"id":"5125279"}]}],"filter":{"category":null,"offset":null,"order":["DESC","ASC"],"q":null,"size":null,"sort":["f5125227","f5125223"]},"html":null,"keyFieldId":null,"name":"仕入一覧","pager":null,"revision":null,"titleFieldId":null,"view":"5125191","viewType":"LIST"},{"advancedMode":null,"builtinType":"ALL","fields":[{"row":[{"id":"5125178"},{"id":"5125187"},{"id":"5125188"},{"id":"5125223"},{"id":"5125224"},{"id":"5125225"},{"id":"5125227"},{"id":"5125279"}]}],"filter":{"category":null,"offset":null,"order":[],"q":null,"size":null,"sort":[]},"html":null,"keyFieldId":null,"name":"（すべて）","pager":null,"revision":null,"titleFieldId":null,"view":"20","viewType":"LIST"}]},{"acl":{"app":[],"field":[],"record":[]},"app":null,"category":{"categories":[],"useCategory":"false"},"form":{"layout":"[{\"id\":null,\"type\":\"ROW\",\"isSubTable\":false,\"var\":null,\"controlList\":[{\"isVirtical\":true,\"styleMap\":{\"width\":242},\"type\":\"SINGLE_LINE_TEXT\",\"var\":\"\\u5546\\u54c1\\u30b3\\u30fc\\u30c9\",\"label\":\"\\u5546\\u54c1\\u30b3\\u30fc\\u30c9\"}]},{\"id\":null,\"type\":\"ROW\",\"isSubTable\":false,\"var\":null,\"controlList\":[{\"isVirtical\":true,\"styleMap\":{\"width\":402},\"type\":\"SINGLE_LINE_TEXT\",\"var\":\"\\u5546\\u54c1\\u540d\",\"label\":\"\\u5546\\u54c1\\u540d\"}]},{\"id\":null,\"type\":\"ROW\",\"isSubTable\":false,\"var\":null,\"controlList\":[{\"isVirtical\":true,\"styleMap\":{\"width\":134},\"type\":\"DECIMAL\",\"var\":\"\\u5f15\\u5f53\\u6570\",\"label\":\"\\u5f15\\u5f53\\u6570\"},{\"isVirtical\":true,\"styleMap\":{\"width\":134},\"type\":\"DECIMAL\",\"var\":\"\\u5728\\u5eab\\u6570\",\"label\":\"\\u5728\\u5eab\\u6570\"},{\"isVirtical\":true,\"styleMap\":{\"width\":134},\"type\":\"CALC\",\"var\":\"\\u73fe\\u5728\\u5eab\\u6570\",\"label\":\"\\u73fe\\u5728\\u5eab\\u6570\"}]}]","revision":null},"iconMeta":null,"info":{"code":null,"decimalPrecision":"16","decimalScale":"4","description":"\u003Cdiv\u003E\u003Cspan style=\"font-size: 16.0px;line-height: 15.6px;\"\u003Ekintoneuniversityデベロッパー編　基礎コースの５章の在庫アプリです。\u003C/span\u003E\u003Cdiv\u003E\u003Cspan style=\"font-size: 16.0px;line-height: 15.6px;\"\u003E商品の在庫情報を管理します。\u003C/span\u003E\u003C/div\u003E\u003C/div\u003E","enableBulkDeletion":"false","fiscalYearStartMonth":"4","iconKey":"APP52","iconType":"PRESET","jsFiles":null,"jsScope":"ALL","name":"5章_在庫","roundingMode":"HALF_EVEN","theme":"TASK","titleComponentLocalId":null,"useComment":"true","useHistory":"true","useThumbnail":"true"},"jsFiles":[],"notification":{"appNotifications":[{"events":["RECORD_COMMENT_ADDED"],"target":{"entityId":"5125179","entityType":"FIELD_ENTITY","includeSubs":"false"}},{"events":["RECORD_COMMENT_ADDED"],"target":{"entityId":"5125180","entityType":"FIELD_ENTITY","includeSubs":"false"}}],"recordNotifications":[],"reminderTimezone":null,"reminders":[],"useComment":"true","useReminder":"false"},"plugin":{"pluginIds":[]},"reports":[],"resource":{"tables":[{"rows":[{"fields":[],"objectId":"0","subObjectId":"-1"}],"type":"AppName"},{"rows":[{"fields":[],"objectId":"0","subObjectId":"-1"}],"type":"AppDescription"},{"rows":[{"fields":[],"objectId":"5125178","subObjectId":"-1"},{"fields":[],"objectId":"5125179","subObjectId":"-1"},{"fields":[],"objectId":"5125180","subObjectId":"-1"},{"fields":[],"objectId":"5125181","subObjectId":"-1"},{"fields":[],"objectId":"5125182","subObjectId":"-1"},{"fields":[],"objectId":"5125183","subObjectId":"-1"},{"fields":[],"objectId":"5125184","subObjectId":"-1"},{"fields":[],"objectId":"5125185","subObjectId":"-1"},{"fields":[],"objectId":"5125187","subObjectId":"-1"},{"fields":[],"objectId":"5125189","subObjectId":"-1"},{"fields":[],"objectId":"5125201","subObjectId":"-1"},{"fields":[],"objectId":"5125202","subObjectId":"-1"},{"fields":[],"objectId":"5125272","subObjectId":"-1"}],"type":"FieldLabel"},{"rows":[{"fields":[],"objectId":"5125191","subObjectId":"-1"},{"fields":[],"objectId":"20","subObjectId":"-1"}],"type":"ViewName"}]},"schema":{"groups":[],"revision":null,"subTable":{},"table":{"fieldList":{"5125178":{"id":"5125178","label":"レコード番号","properties":{"noLabel":"false","required":"true"},"type":"RECORD_ID","var":"レコード番号"},"5125179":{"id":"5125179","label":"更新者","properties":{"noLabel":"false","required":"true"},"type":"MODIFIER","var":"更新者"},"5125180":{"id":"5125180","label":"作成者","properties":{"noLabel":"false","required":"true"},"type":"CREATOR","var":"作成者"},"5125181":{"id":"5125181","label":"更新日時","properties":{"noLabel":"false","required":"true"},"type":"MODIFIED_AT","var":"更新日時"},"5125182":{"id":"5125182","label":"作成日時","properties":{"noLabel":"false","required":"true"},"type":"CREATED_AT","var":"作成日時"},"5125183":{"id":"5125183","label":"ステータス","properties":{"noLabel":"false","required":"false"},"type":"STATUS","var":"ステータス"},"5125184":{"id":"5125184","label":"作業者","properties":{"noLabel":"false","required":"false"},"type":"STATUS_ASSIGNEE","var":"作業者"},"5125185":{"id":"5125185","label":"カテゴリー","properties":{"noLabel":"false","required":"false"},"type":"CATEGORY","var":"カテゴリー"},"5125187":{"id":"5125187","label":"商品名","properties":{"defaultValue":"","expression":"","hideExpression":"false","max":null,"min":null,"noLabel":"false","required":"true","unique":"false"},"type":"SINGLE_LINE_TEXT","var":"商品名"},"5125189":{"id":"5125189","label":"在庫数","properties":{"defaultValue":null,"digit":"true","displayScale":null,"max":null,"min":null,"noLabel":"false","required":"true","roundingMode":null,"scale":null,"unique":"false","unit":"","unitPosition":"BEFORE"},"type":"DECIMAL","var":"在庫数"},"5125201":{"id":"5125201","label":"引当数","properties":{"defaultValue":null,"digit":"true","displayScale":null,"max":null,"min":null,"noLabel":"false","required":"true","roundingMode":null,"scale":null,"unique":"false","unit":"","unitPosition":"BEFORE"},"type":"DECIMAL","var":"引当数"},"5125202":{"id":"5125202","label":"現在庫数","properties":{"displayScale":null,"expression":"在庫数 - 引当数","format":"NUMBER_DIGIT","hideExpression":"false","noLabel":"false","required":"false","roundingMode":null,"scale":null,"unit":"","unitPosition":"BEFORE"},"type":"CALC","var":"現在庫数"},"5125272":{"id":"5125272","label":"商品コード","properties":{"defaultValue":"","expression":"","hideExpression":"false","max":null,"min":null,"noLabel":"false","required":"true","unique":"false"},"type":"SINGLE_LINE_TEXT","var":"商品コード"}},"id":"1","label":"__ROOT__","var":"__ROOT__"}},"status":{"actions":[],"filters":[],"initialStateId":null,"states":[],"useStatus":"false"},"uuid":"45afe219-0d60-4e97-a4a0-095d4d146d59","views":[{"advancedMode":"false","builtinType":null,"fields":[{"row":[{"id":"5125272"},{"id":"5125187"},{"id":"5125189"},{"id":"5125201"},{"id":"5125202"}]}],"filter":{"category":null,"offset":null,"order":["ASC"],"q":null,"size":null,"sort":["f5125272"]},"html":null,"keyFieldId":null,"name":"在庫一覧","pager":null,"revision":null,"titleFieldId":null,"view":"5125191","viewType":"LIST"},{"advancedMode":null,"builtinType":"ALL","fields":[{"row":[{"id":"5125178"},{"id":"5125187"},{"id":"5125189"},{"id":"5125201"},{"id":"5125202"},{"id":"5125272"}]}],"filter":{"category":null,"offset":null,"order":[],"q":null,"size":null,"sort":[]},"html":null,"keyFieldId":null,"name":"（すべて）","pager":null,"revision":null,"titleFieldId":null,"view":"20","viewType":"LIST"}]},{"acl":{"app":[],"field":[],"record":[]},"app":null,"category":{"categories":[],"useCategory":"false"},"form":{"layout":"[{\"id\":null,\"type\":\"ROW\",\"isSubTable\":false,\"var\":null,\"controlList\":[{\"isVirtical\":true,\"styleMap\":{\"width\":117},\"type\":\"DATE\",\"var\":\"\\u58f2\\u4e0a\\u65e5\",\"label\":\"\\u58f2\\u4e0a\\u65e5\"},{\"isVirtical\":true,\"styleMap\":{\"width\":174},\"type\":\"SINGLE_LINE_TEXT\",\"var\":\"\\u6ce8\\u6587\\u756a\\u53f7\",\"label\":\"\\u6ce8\\u6587\\u756a\\u53f7\"}]},{\"id\":null,\"type\":\"ROW\",\"isSubTable\":false,\"var\":null,\"controlList\":[{\"isVirtical\":true,\"styleMap\":{\"width\":220},\"type\":\"SINGLE_LINE_TEXT\",\"var\":\"\\u5546\\u54c1\\u30b3\\u30fc\\u30c9\",\"label\":\"\\u5546\\u54c1\\u30b3\\u30fc\\u30c9\"},{\"isVirtical\":true,\"styleMap\":{\"width\":248},\"type\":\"SINGLE_LINE_TEXT\",\"var\":\"\\u5546\\u54c1\\u540d\",\"label\":\"\\u5546\\u54c1\\u540d\"},{\"isVirtical\":true,\"styleMap\":{\"width\":132},\"type\":\"DECIMAL\",\"var\":\"\\u58f2\\u4e0a\\u91d1\\u984d\",\"label\":\"\\u58f2\\u4e0a\\u91d1\\u984d\"}]}]","revision":null},"iconMeta":null,"info":{"code":null,"decimalPrecision":"16","decimalScale":"4","description":"\u003Cdiv\u003E\u003Cspan style=\"font-size: 16.0px;line-height: 15.6px;\"\u003Ekintone university デベロッパー 開発基礎コースのサンプルアプリです。\u003C/span\u003E\u003Cbr /\u003E\u003Cdiv\u003E\u003Cspan style=\"font-size: 16.0px;line-height: 15.6px;\"\u003E売上情報を管理します。\u003C/span\u003E\u003C/div\u003E\u003C/div\u003E","enableBulkDeletion":"false","fiscalYearStartMonth":"4","iconKey":"APP80","iconType":"PRESET","jsFiles":null,"jsScope":"ALL","name":"5章_売上","roundingMode":"HALF_EVEN","theme":"REPORT","titleComponentLocalId":null,"useComment":"true","useHistory":"true","useThumbnail":"true"},"jsFiles":[],"notification":{"appNotifications":[{"events":["RECORD_COMMENT_ADDED"],"target":{"entityId":"5125179","entityType":"FIELD_ENTITY","includeSubs":"false"}},{"events":["RECORD_COMMENT_ADDED"],"target":{"entityId":"5125180","entityType":"FIELD_ENTITY","includeSubs":"false"}}],"recordNotifications":[],"reminderTimezone":null,"reminders":[],"useComment":"true","useReminder":"false"},"plugin":{"pluginIds":[]},"reports":[{"advancedMode":"false","filter":{"category":null,"offset":null,"order":[],"q":null,"size":null,"sort":[]},"isAborted":null,"name":"商品別売上","processType":null,"report":"5125281","reportType":"SUBTOTAL","revision":null,"settings":"{\"groups\":[{\"id\":\"5125249\",\"op\":null}],\"summaries\":[{\"op\":\"SUM\",\"id\":\"5125251\"}],\"chartType\":\"column\",\"stackType\":\"clustered\",\"sort\":[\"g0\"],\"order\":[\"ASC\"]}","tallyPeriod":null,"tallyStartDateTime":null},{"advancedMode":"false","filter":{"category":null,"offset":null,"order":[],"q":null,"size":null,"sort":[]},"isAborted":null,"name":"月別売上","processType":null,"report":"5125283","reportType":"SUBTOTAL","revision":null,"settings":"{\"groups\":[{\"id\":\"5125227\",\"op\":\"YEAR_MONTH\"}],\"summaries\":[{\"op\":\"SUM\",\"id\":\"5125251\"}],\"chartType\":\"column\",\"stackType\":\"clustered\",\"sort\":[\"s0\"],\"order\":[\"ASC\"]}","tallyPeriod":null,"tallyStartDateTime":null}],"resource":{"tables":[{"rows":[{"fields":[],"objectId":"0","subObjectId":"-1"}],"type":"AppName"},{"rows":[{"fields":[],"objectId":"0","subObjectId":"-1"}],"type":"AppDescription"},{"rows":[{"fields":[],"objectId":"5125178","subObjectId":"-1"},{"fields":[],"objectId":"5125179","subObjectId":"-1"},{"fields":[],"objectId":"5125180","subObjectId":"-1"},{"fields":[],"objectId":"5125181","subObjectId":"-1"},{"fields":[],"objectId":"5125182","subObjectId":"-1"},{"fields":[],"objectId":"5125183","subObjectId":"-1"},{"fields":[],"objectId":"5125184","subObjectId":"-1"},{"fields":[],"objectId":"5125185","subObjectId":"-1"},{"fields":[],"objectId":"5125227","subObjectId":"-1"},{"fields":[],"objectId":"5125248","subObjectId":"-1"},{"fields":[],"objectId":"5125249","subObjectId":"-1"},{"fields":[],"objectId":"5125250","subObjectId":"-1"},{"fields":[],"objectId":"5125251","subObjectId":"-1"}],"type":"FieldLabel"},{"rows":[{"fields":[],"objectId":"5125191","subObjectId":"-1"},{"fields":[],"objectId":"5125246","subObjectId":"-1"},{"fields":[],"objectId":"20","subObjectId":"-1"}],"type":"ViewName"},{"rows":[{"fields":[],"objectId":"5125238","subObjectId":"-1"},{"fields":[],"objectId":"5125239","subObjectId":"-1"},{"fields":[],"objectId":"5125240","subObjectId":"-1"}],"type":"StatusState"},{"rows":[{"fields":[],"objectId":"5125243","subObjectId":"-1"},{"fields":[],"objectId":"5125244","subObjectId":"-1"}],"type":"StatusAction"},{"rows":[{"fields":[],"objectId":"5125281","subObjectId":"-1"},{"fields":[],"objectId":"5125283","subObjectId":"-1"}],"type":"ReportName"}]},"schema":{"groups":[],"revision":null,"subTable":{},"table":{"fieldList":{"5125178":{"id":"5125178","label":"レコード番号","properties":{"noLabel":"false","required":"true"},"type":"RECORD_ID","var":"レコード番号"},"5125179":{"id":"5125179","label":"更新者","properties":{"noLabel":"false","required":"true"},"type":"MODIFIER","var":"更新者"},"5125180":{"id":"5125180","label":"作成者","properties":{"noLabel":"false","required":"true"},"type":"CREATOR","var":"作成者"},"5125181":{"id":"5125181","label":"更新日時","properties":{"noLabel":"false","required":"true"},"type":"MODIFIED_AT","var":"更新日時"},"5125182":{"id":"5125182","label":"作成日時","properties":{"noLabel":"false","required":"true"},"type":"CREATED_AT","var":"作成日時"},"5125183":{"id":"5125183","label":"ステータス","properties":{"noLabel":"false","required":"false"},"type":"STATUS","var":"ステータス"},"5125184":{"id":"5125184","label":"作業者","properties":{"noLabel":"false","required":"false"},"type":"STATUS_ASSIGNEE","var":"作業者"},"5125185":{"id":"5125185","label":"カテゴリー","properties":{"noLabel":"false","required":"false"},"type":"CATEGORY","var":"カテゴリー"},"5125227":{"id":"5125227","label":"売上日","properties":{"defaultExpression":null,"defaultValue":null,"noLabel":"false","required":"true","unique":"false"},"type":"DATE","var":"売上日"},"5125248":{"id":"5125248","label":"注文番号","properties":{"defaultValue":"","expression":"","hideExpression":"false","max":null,"min":null,"noLabel":"false","required":"true","unique":"false"},"type":"SINGLE_LINE_TEXT","var":"注文番号"},"5125249":{"id":"5125249","label":"商品コード","properties":{"defaultValue":"","expression":"","hideExpression":"false","max":null,"min":null,"noLabel":"false","required":"true","unique":"false"},"type":"SINGLE_LINE_TEXT","var":"商品コード"},"5125250":{"id":"5125250","label":"商品名","properties":{"defaultValue":"","expression":"","hideExpression":"false","max":null,"min":null,"noLabel":"false","required":"false","unique":"false"},"type":"SINGLE_LINE_TEXT","var":"商品名"},"5125251":{"id":"5125251","label":"売上金額","properties":{"defaultValue":null,"digit":"false","displayScale":null,"max":null,"min":null,"noLabel":"false","required":"true","roundingMode":null,"scale":null,"unique":"false","unit":"","unitPosition":"BEFORE"},"type":"DECIMAL","var":"売上金額"}},"id":"1","label":"__ROOT__","var":"__ROOT__"}},"status":{"actions":[{"app":null,"assignees":[],"filter":"5125241","from":"5125238","fromLabel":null,"id":"5125243","label":"処理開始","record":null,"revision":null,"to":"5125239","toApprovalType":null,"toLabel":null,"valid":true},{"app":null,"assignees":[],"filter":"5125242","from":"5125239","fromLabel":null,"id":"5125244","label":"完了する","record":null,"revision":null,"to":"5125240","toApprovalType":null,"toLabel":null,"valid":true}],"filters":[{"condition":"","id":"5125241","state":"5125238"},{"condition":"","id":"5125242","state":"5125239"}],"initialStateId":"5125238","states":[{"approvalType":"ONE","assignees":[{"entityId":"5125180","entityName":"作成者","entityType":"FIELD_ENTITY","includeSubs":"false"}],"id":"5125238","initial":true,"label":"新規","valid":true},{"approvalType":"ONE","assignees":[],"id":"5125239","initial":false,"label":"請求中","valid":true},{"approvalType":"ONE","assignees":[],"id":"5125240","initial":false,"label":"入金済","valid":true}],"useStatus":"true"},"uuid":"5903d515-9bda-4484-97e8-3d766ebb9057","views":[{"advancedMode":"false","builtinType":null,"fields":[{"row":[{"id":"5125248"},{"id":"5125227"},{"id":"5125249"},{"id":"5125250"},{"id":"5125251"},{"id":"5125183"}]}],"filter":{"category":null,"offset":null,"order":["DESC"],"q":null,"size":null,"sort":["f5125227"]},"html":null,"keyFieldId":null,"name":"売上一覧","pager":null,"revision":null,"titleFieldId":null,"view":"5125191","viewType":"LIST"},{"advancedMode":"false","builtinType":"ASSIGN","fields":[{"row":[{"id":"5125178"},{"id":"5125227"},{"id":"5125183"},{"id":"5125184"}]}],"filter":{"category":null,"offset":null,"order":[],"q":"f5125184 in (LOGINUSER())","size":null,"sort":[]},"html":null,"keyFieldId":null,"name":"（作業者が自分）","pager":null,"revision":null,"titleFieldId":null,"view":"5125246","viewType":"LIST"},{"advancedMode":null,"builtinType":"ALL","fields":[{"row":[{"id":"5125178"},{"id":"5125227"},{"id":"5125183"},{"id":"5125184"},{"id":"5125248"},{"id":"5125249"},{"id":"5125250"},{"id":"5125251"}]}],"filter":{"category":null,"offset":null,"order":[],"q":null,"size":null,"sort":[]},"html":null,"keyFieldId":null,"name":"（すべて）","pager":null,"revision":null,"titleFieldId":null,"view":"20","viewType":"LIST"}]}],"description":"","iconKey":"APP86","iconMeta":null,"iconSrcAppId":"23aec9bf-f5af-480a-877e-d9695e47a7c8","iconType":"PRESET","idConversionMap":{"51":"04758d1b-f84a-47d3-b494-23bd38b8f66f","50":"61bd5fe6-d18f-4d3c-b434-c0aff7dc2a8d","49":"23aec9bf-f5af-480a-877e-d9695e47a7c8","53":"5903d515-9bda-4484-97e8-3d766ebb9057","52":"45afe219-0d60-4e97-a4a0-095d4d146d59"},"imagesMeta":[],"lookups":[{"actingAppId":"04758d1b-f84a-47d3-b494-23bd38b8f66f","fieldMappings":[{"fieldId":"5125187","targetFieldId":"5125187"},{"fieldId":"5125188","targetFieldId":"5125188"}],"keyMapping":{"fieldId":"5125223","targetFieldId":"5125186"},"listFields":["5125186","5125187","5125188"],"query":{"category":null,"offset":null,"order":["asc"],"q":"order by f5125186 asc","size":null,"sort":["f5125186"]},"targetAppId":"61bd5fe6-d18f-4d3c-b434-c0aff7dc2a8d"},{"actingAppId":"23aec9bf-f5af-480a-877e-d9695e47a7c8","fieldMappings":[{"fieldId":"5125232","targetFieldId":"5125187"},{"fieldId":"5125233","targetFieldId":"5125189"}],"keyMapping":{"fieldId":"5125231","targetFieldId":"5125186"},"listFields":[],"query":{"category":null,"offset":null,"order":["asc"],"q":"order by f5125186 asc","size":null,"sort":["f5125186"]},"targetAppId":"61bd5fe6-d18f-4d3c-b434-c0aff7dc2a8d"},{"actingAppId":"5903d515-9bda-4484-97e8-3d766ebb9057","fieldMappings":[{"fieldId":"5125250","targetFieldId":"5125187"}],"keyMapping":{"fieldId":"5125249","targetFieldId":"5125186"},"listFields":["5125186","5125187"],"query":{"category":null,"offset":null,"order":["asc"],"q":"order by f5125186 asc","size":null,"sort":["f5125186"]},"targetAppId":"61bd5fe6-d18f-4d3c-b434-c0aff7dc2a8d"},{"actingAppId":"45afe219-0d60-4e97-a4a0-095d4d146d59","fieldMappings":[{"fieldId":"5125187","targetFieldId":"5125187"}],"keyMapping":{"fieldId":"5125272","targetFieldId":"5125186"},"listFields":["5125186","5125187"],"query":{"category":null,"offset":null,"order":["asc"],"q":"order by f5125186 asc","size":null,"sort":["f5125186"]},"targetAppId":"61bd5fe6-d18f-4d3c-b434-c0aff7dc2a8d"}],"name":"5章例題","references":[],"version":"15"}