{"actions":[],"apps":[{"acl":{"app":[],"field":[],"record":[]},"app":null,"category":{"categories":[],"useCategory":"false"},"form":{"layout":"[{\"id\":null,\"type\":\"ROW\",\"isSubTable\":false,\"var\":null,\"controlList\":[{\"isVirtical\":true,\"styleMap\":{\"width\":193},\"type\":\"SINGLE_LINE_TEXT\",\"var\":\"\\u4f1a\\u793e\\u540d\",\"label\":\"\\u4f1a\\u793e\\u540d\"},{\"isVirtical\":true,\"styleMap\":{\"width\":193},\"type\":\"SINGLE_LINE_TEXT\",\"var\":\"\\u90e8\\u7f72\\u540d\",\"label\":\"\\u90e8\\u7f72\\u540d\"},{\"isVirtical\":true,\"styleMap\":{\"width\":193},\"type\":\"SINGLE_LINE_TEXT\",\"var\":\"\\u62c5\\u5f53\\u8005\\u540d\",\"label\":\"\\u62c5\\u5f53\\u8005\\u540d\"}]},{\"id\":null,\"type\":\"ROW\",\"isSubTable\":false,\"var\":null,\"controlList\":[{\"isVirtical\":true,\"styleMap\":{\"width\":193},\"type\":\"SINGLE_LINE_TEXT\",\"var\":\"\\u90f5\\u4fbf\\u756a\\u53f7\",\"label\":\"\\u90f5\\u4fbf\\u756a\\u53f7(\\u6570\\u5b57\\u306e\\u307f)\"},{\"isVirtical\":true,\"styleMap\":{\"width\":193},\"type\":\"SINGLE_LINE_TEXT\",\"var\":\"TEL\",\"label\":\"TEL(\\u6570\\u5b57\\u306e\\u307f)\"},{\"isVirtical\":true,\"styleMap\":{\"width\":193},\"type\":\"SINGLE_LINE_TEXT\",\"var\":\"FAX\",\"label\":\"FAX(\\u6570\\u5b57\\u306e\\u307f)\"}]},{\"id\":null,\"type\":\"ROW\",\"isSubTable\":false,\"var\":null,\"controlList\":[{\"isVirtical\":true,\"styleMap\":{\"width\":358},\"type\":\"SINGLE_LINE_TEXT\",\"var\":\"\\u4f4f\\u6240\",\"label\":\"\\u4f4f\\u6240\"}]},{\"id\":null,\"type\":\"ROW\",\"isSubTable\":false,\"var\":null,\"controlList\":[{\"styleMap\":{\"width\":336,\"height\":38},\"elementId\":\"Map\",\"type\":\"SPACER\"}]},{\"id\":null,\"type\":\"ROW\",\"isSubTable\":false,\"var\":null,\"controlList\":[{\"isVirtical\":true,\"styleMap\":{\"width\":386},\"type\":\"SINGLE_LINE_TEXT\",\"var\":\"\\u30e1\\u30fc\\u30eb\\u30a2\\u30c9\\u30ec\\u30b9\",\"label\":\"\\u30e1\\u30fc\\u30eb\\u30a2\\u30c9\\u30ec\\u30b9\"}]},{\"id\":null,\"type\":\"ROW\",\"isSubTable\":false,\"var\":null,\"controlList\":[{\"isVirtical\":true,\"styleMap\":{\"width\":206},\"type\":\"FILE\",\"var\":\"\\u4f1a\\u793e\\u30ed\\u30b4\",\"label\":\"\\u4f1a\\u793e\\u30ed\\u30b4\"}]},{\"id\":null,\"type\":\"ROW\",\"isSubTable\":false,\"var\":null,\"controlList\":[{\"isVirtical\":true,\"styleMap\":{\"width\":386,\"height\":125,\"innerHeight\":94},\"type\":\"MULTIPLE_LINE_TEXT\",\"var\":\"\\u5099\\u8003\",\"label\":\"\\u5099\\u8003\"}]}]","revision":null},"iconMeta":null,"info":{"code":null,"decimalPrecision":"16","decimalScale":"4","description":"\u003Cdiv\u003Ekintone university デベロッパー 開発基礎コースのサンプルアプリです。\u003Cbr /\u003E\u003C/div\u003E","enableBulkDeletion":"false","fiscalYearStartMonth":"4","iconKey":"APP20","iconType":"PRESET","jsFiles":null,"jsScope":"ALL","name":"3章例題1","roundingMode":"HALF_EVEN","theme":"ORDER","titleComponentLocalId":null,"useComment":"true","useHistory":"true","useThumbnail":"true"},"jsFiles":[],"notification":{"appNotifications":[{"events":["RECORD_COMMENT_ADDED"],"target":{"entityId":"2171","entityType":"FIELD_ENTITY","includeSubs":"false"}},{"events":["RECORD_COMMENT_ADDED"],"target":{"entityId":"2172","entityType":"FIELD_ENTITY","includeSubs":"false"}}],"recordNotifications":[],"reminderTimezone":null,"reminders":[],"useComment":"true","useReminder":"false"},"plugin":{"pluginIds":[]},"reports":[],"resource":{"tables":[{"rows":[{"fields":[],"objectId":"0","subObjectId":"-1"}],"type":"AppName"},{"rows":[{"fields":[],"objectId":"0","subObjectId":"-1"}],"type":"AppDescription"},{"rows":[{"fields":[],"objectId":"2170","subObjectId":"-1"},{"fields":[],"objectId":"2171","subObjectId":"-1"},{"fields":[],"objectId":"2172","subObjectId":"-1"},{"fields":[],"objectId":"2173","subObjectId":"-1"},{"fields":[],"objectId":"2174","subObjectId":"-1"},{"fields":[],"objectId":"2175","subObjectId":"-1"},{"fields":[],"objectId":"2176","subObjectId":"-1"},{"fields":[],"objectId":"2177","subObjectId":"-1"},{"fields":[],"objectId":"2178","subObjectId":"-1"},{"fields":[],"objectId":"2179","subObjectId":"-1"},{"fields":[],"objectId":"2180","subObjectId":"-1"},{"fields":[],"objectId":"2181","subObjectId":"-1"},{"fields":[],"objectId":"2182","subObjectId":"-1"},{"fields":[],"objectId":"2183","subObjectId":"-1"},{"fields":[],"objectId":"2184","subObjectId":"-1"},{"fields":[],"objectId":"2185","subObjectId":"-1"},{"fields":[],"objectId":"2186","subObjectId":"-1"},{"fields":[],"objectId":"2187","subObjectId":"-1"}],"type":"FieldLabel"},{"rows":[{"fields":[],"objectId":"2189","subObjectId":"-1"},{"fields":[],"objectId":"20","subObjectId":"-1"}],"type":"ViewName"}]},"schema":{"groups":[],"revision":null,"subTable":{},"table":{"fieldList":{"2170":{"id":"2170","label":"レコード番号","properties":{"noLabel":"false","required":"true"},"type":"RECORD_ID","var":"record_no"},"2171":{"id":"2171","label":"更新者","properties":{"noLabel":"false","required":"true"},"type":"MODIFIER","var":"更新者"},"2172":{"id":"2172","label":"作成者","properties":{"noLabel":"false","required":"true"},"type":"CREATOR","var":"作成者"},"2173":{"id":"2173","label":"更新日時","properties":{"noLabel":"false","required":"true"},"type":"MODIFIED_AT","var":"更新日時"},"2174":{"id":"2174","label":"作成日時","properties":{"noLabel":"false","required":"true"},"type":"CREATED_AT","var":"作成日時"},"2175":{"id":"2175","label":"ステータス","properties":{"noLabel":"false","required":"false"},"type":"STATUS","var":"ステータス"},"2176":{"id":"2176","label":"作業者","properties":{"noLabel":"false","required":"false"},"type":"STATUS_ASSIGNEE","var":"作業者"},"2177":{"id":"2177","label":"カテゴリー","properties":{"noLabel":"false","required":"false"},"type":"CATEGORY","var":"カテゴリー"},"2178":{"id":"2178","label":"会社名","properties":{"defaultValue":"","expression":"","hideExpression":"false","max":null,"min":null,"noLabel":"false","required":"false","unique":"false"},"type":"SINGLE_LINE_TEXT","var":"会社名"},"2179":{"id":"2179","label":"部署名","properties":{"defaultValue":"","expression":"","hideExpression":"false","max":null,"min":null,"noLabel":"false","required":"false","unique":"false"},"type":"SINGLE_LINE_TEXT","var":"部署名"},"2180":{"id":"2180","label":"担当者名","properties":{"defaultValue":"","expression":"","hideExpression":"false","max":null,"min":null,"noLabel":"false","required":"false","unique":"false"},"type":"SINGLE_LINE_TEXT","var":"担当者名"},"2181":{"id":"2181","label":"郵便番号(数字のみ)","properties":{"defaultValue":"","expression":"","hideExpression":"false","max":"7","min":null,"noLabel":"false","required":"false","unique":"false"},"type":"SINGLE_LINE_TEXT","var":"郵便番号"},"2182":{"id":"2182","label":"住所","properties":{"defaultValue":"","expression":"","hideExpression":"false","max":null,"min":null,"noLabel":"false","required":"false","unique":"false"},"type":"SINGLE_LINE_TEXT","var":"住所"},"2183":{"id":"2183","label":"TEL(数字のみ)","properties":{"defaultValue":"","expression":"","hideExpression":"false","max":null,"min":null,"noLabel":"false","required":"false","unique":"false"},"type":"SINGLE_LINE_TEXT","var":"TEL"},"2184":{"id":"2184","label":"FAX(数字のみ)","properties":{"defaultValue":"","expression":"","hideExpression":"false","max":null,"min":null,"noLabel":"false","required":"false","unique":"false"},"type":"SINGLE_LINE_TEXT","var":"FAX"},"2185":{"id":"2185","label":"メールアドレス","properties":{"defaultValue":"","expression":"","hideExpression":"false","max":null,"min":null,"noLabel":"false","required":"false","unique":"false"},"type":"SINGLE_LINE_TEXT","var":"メールアドレス"},"2186":{"id":"2186","label":"会社ロゴ","properties":{"noLabel":"false","required":"false","thumbnailSize":"150"},"type":"FILE","var":"会社ロゴ"},"2187":{"id":"2187","label":"備考","properties":{"defaultValue":"","noLabel":"false","required":"false"},"type":"MULTIPLE_LINE_TEXT","var":"備考"}},"id":"1","label":"__ROOT__","var":"__ROOT__"}},"status":{"actions":[],"filters":[],"initialStateId":null,"states":[],"useStatus":"false"},"uuid":"f200f7be-cf27-40e5-8105-b3dccc4238b3","views":[{"advancedMode":"false","builtinType":null,"fields":[{"row":[{"id":"2170"},{"id":"2178"},{"id":"2179"},{"id":"2180"},{"id":"2182"}]}],"filter":{"category":null,"offset":null,"order":["DESC"],"q":null,"size":null,"sort":["f2174"]},"html":null,"keyFieldId":null,"name":"顧客一覧","pager":null,"revision":null,"titleFieldId":null,"view":"2189","viewType":"LIST"},{"advancedMode":null,"builtinType":"ALL","fields":[{"row":[{"id":"2170"},{"id":"2178"},{"id":"2179"},{"id":"2180"},{"id":"2181"},{"id":"2182"},{"id":"2183"},{"id":"2184"},{"id":"2185"},{"id":"2186"},{"id":"2187"}]}],"filter":{"category":null,"offset":null,"order":[],"q":null,"size":null,"sort":[]},"html":null,"keyFieldId":null,"name":"（すべて）","pager":null,"revision":null,"titleFieldId":null,"view":"20","viewType":"LIST"}]},{"acl":{"app":[],"field":[],"record":[]},"app":null,"category":{"categories":[],"useCategory":"false"},"form":{"layout":"[{\"id\":null,\"type\":\"ROW\",\"isSubTable\":false,\"var\":null,\"controlList\":[{\"isVirtical\":true,\"styleMap\":{\"width\":193},\"type\":\"SINGLE_LINE_TEXT\",\"var\":\"\\u9805\\u76ee1\",\"label\":\"\\u9805\\u76ee1\"}]},{\"id\":null,\"type\":\"ROW\",\"isSubTable\":false,\"var\":null,\"controlList\":[{\"isVirtical\":true,\"styleMap\":{\"width\":193},\"type\":\"DECIMAL\",\"var\":\"\\u9805\\u76ee2\",\"label\":\"\\u9805\\u76ee2\"}]},{\"id\":null,\"type\":\"ROW\",\"isSubTable\":false,\"var\":null,\"controlList\":[{\"isVirtical\":true,\"styleMap\":{\"width\":314,\"height\":159,\"innerHeight\":128},\"type\":\"MULTIPLE_LINE_TEXT\",\"var\":\"\\u9805\\u76ee3\",\"label\":\"\\u9805\\u76ee3\"}]}]","revision":null},"iconMeta":null,"info":{"code":null,"decimalPrecision":"16","decimalScale":"4","description":"\u003Cdiv\u003Ekintone university デベロッパー 開発基礎コースのサンプルアプリです。\u003Cbr /\u003E\u003C/div\u003E","enableBulkDeletion":"false","fiscalYearStartMonth":"4","iconKey":"APP39","iconType":"PRESET","jsFiles":null,"jsScope":"ALL","name":"3章例題2","roundingMode":"HALF_EVEN","theme":"PLAIN","titleComponentLocalId":null,"useComment":"true","useHistory":"true","useThumbnail":"true"},"jsFiles":[],"notification":{"appNotifications":[{"events":["RECORD_COMMENT_ADDED"],"target":{"entityId":"5125134","entityType":"FIELD_ENTITY","includeSubs":"false"}},{"events":["RECORD_COMMENT_ADDED"],"target":{"entityId":"5125135","entityType":"FIELD_ENTITY","includeSubs":"false"}}],"recordNotifications":[],"reminderTimezone":null,"reminders":[],"useComment":"true","useReminder":"false"},"plugin":{"pluginIds":[]},"reports":[],"resource":{"tables":[{"rows":[{"fields":[],"objectId":"0","subObjectId":"-1"}],"type":"AppName"},{"rows":[{"fields":[],"objectId":"0","subObjectId":"-1"}],"type":"AppDescription"},{"rows":[{"fields":[],"objectId":"5125133","subObjectId":"-1"},{"fields":[],"objectId":"5125134","subObjectId":"-1"},{"fields":[],"objectId":"5125135","subObjectId":"-1"},{"fields":[],"objectId":"5125136","subObjectId":"-1"},{"fields":[],"objectId":"5125137","subObjectId":"-1"},{"fields":[],"objectId":"5125138","subObjectId":"-1"},{"fields":[],"objectId":"5125139","subObjectId":"-1"},{"fields":[],"objectId":"5125140","subObjectId":"-1"},{"fields":[],"objectId":"5125141","subObjectId":"-1"},{"fields":[],"objectId":"5125142","subObjectId":"-1"},{"fields":[],"objectId":"5125143","subObjectId":"-1"}],"type":"FieldLabel"},{"rows":[{"fields":[],"objectId":"5125145","subObjectId":"-1"},{"fields":[],"objectId":"20","subObjectId":"-1"}],"type":"ViewName"}]},"schema":{"groups":[],"revision":null,"subTable":{},"table":{"fieldList":{"5125133":{"id":"5125133","label":"レコード番号","properties":{"noLabel":"false","required":"true"},"type":"RECORD_ID","var":"レコード番号"},"5125134":{"id":"5125134","label":"更新者","properties":{"noLabel":"false","required":"true"},"type":"MODIFIER","var":"更新者"},"5125135":{"id":"5125135","label":"作成者","properties":{"noLabel":"false","required":"true"},"type":"CREATOR","var":"作成者"},"5125136":{"id":"5125136","label":"更新日時","properties":{"noLabel":"false","required":"true"},"type":"MODIFIED_AT","var":"更新日時"},"5125137":{"id":"5125137","label":"作成日時","properties":{"noLabel":"false","required":"true"},"type":"CREATED_AT","var":"作成日時"},"5125138":{"id":"5125138","label":"ステータス","properties":{"noLabel":"false","required":"false"},"type":"STATUS","var":"ステータス"},"5125139":{"id":"5125139","label":"作業者","properties":{"noLabel":"false","required":"false"},"type":"STATUS_ASSIGNEE","var":"作業者"},"5125140":{"id":"5125140","label":"カテゴリー","properties":{"noLabel":"false","required":"false"},"type":"CATEGORY","var":"カテゴリー"},"5125141":{"id":"5125141","label":"項目1","properties":{"defaultValue":"","expression":"","hideExpression":"false","max":null,"min":null,"noLabel":"false","required":"false","unique":"false"},"type":"SINGLE_LINE_TEXT","var":"項目1"},"5125142":{"id":"5125142","label":"項目2","properties":{"defaultValue":null,"digit":"false","displayScale":null,"max":null,"min":null,"noLabel":"false","required":"false","roundingMode":null,"scale":null,"unique":"false","unit":"","unitPosition":"BEFORE"},"type":"DECIMAL","var":"項目2"},"5125143":{"id":"5125143","label":"項目3","properties":{"defaultValue":"","noLabel":"false","required":"false"},"type":"MULTIPLE_LINE_TEXT","var":"項目3"}},"id":"1","label":"__ROOT__","var":"__ROOT__"}},"status":{"actions":[],"filters":[],"initialStateId":null,"states":[],"useStatus":"false"},"uuid":"4971b798-be27-406b-8a6c-3e57c68a2c37","views":[{"advancedMode":"false","builtinType":null,"fields":[{"row":[{"id":"5125133"},{"id":"5125141"},{"id":"5125142"},{"id":"5125143"}]}],"filter":{"category":null,"offset":null,"order":["DESC"],"q":null,"size":null,"sort":["f5125133"]},"html":null,"keyFieldId":null,"name":"一覧","pager":null,"revision":null,"titleFieldId":null,"view":"5125145","viewType":"LIST"},{"advancedMode":null,"builtinType":"ALL","fields":[{"row":[{"id":"5125133"},{"id":"5125141"},{"id":"5125142"},{"id":"5125143"}]}],"filter":{"category":null,"offset":null,"order":[],"q":null,"size":null,"sort":[]},"html":null,"keyFieldId":null,"name":"（すべて）","pager":null,"revision":null,"titleFieldId":null,"view":"20","viewType":"LIST"}]},{"acl":{"app":[],"field":[],"record":[]},"app":null,"category":{"categories":[],"useCategory":"false"},"form":{"layout":"[{\"id\":null,\"type\":\"ROW\",\"isSubTable\":false,\"var\":null,\"controlList\":[{\"isVirtical\":true,\"styleMap\":{\"width\":193},\"type\":\"SINGLE_LINE_TEXT\",\"var\":\"\\u9805\\u76ee1\",\"label\":\"\\u9805\\u76ee1\"}]},{\"id\":null,\"type\":\"ROW\",\"isSubTable\":false,\"var\":null,\"controlList\":[{\"isVirtical\":true,\"styleMap\":{\"width\":193},\"type\":\"DECIMAL\",\"var\":\"\\u9805\\u76ee2\",\"label\":\"\\u9805\\u76ee2\"}]},{\"id\":null,\"type\":\"ROW\",\"isSubTable\":false,\"var\":null,\"controlList\":[{\"isVirtical\":true,\"styleMap\":{\"width\":314,\"height\":159,\"innerHeight\":128},\"type\":\"MULTIPLE_LINE_TEXT\",\"var\":\"\\u9805\\u76ee3\",\"label\":\"\\u9805\\u76ee3\"}]}]","revision":null},"iconMeta":null,"info":{"code":null,"decimalPrecision":"16","decimalScale":"4","description":"\u003Cdiv\u003Ekintone university デベロッパー 開発基礎コースのサンプルアプリです。\u003Cbr /\u003E\u003C/div\u003E","enableBulkDeletion":"false","fiscalYearStartMonth":"4","iconKey":"APP57","iconType":"PRESET","jsFiles":null,"jsScope":"ALL","name":"3章例題3","roundingMode":"HALF_EVEN","theme":"PLAIN","titleComponentLocalId":null,"useComment":"true","useHistory":"true","useThumbnail":"true"},"jsFiles":[],"notification":{"appNotifications":[{"events":["RECORD_COMMENT_ADDED"],"target":{"entityId":"5125134","entityType":"FIELD_ENTITY","includeSubs":"false"}},{"events":["RECORD_COMMENT_ADDED"],"target":{"entityId":"5125135","entityType":"FIELD_ENTITY","includeSubs":"false"}}],"recordNotifications":[],"reminderTimezone":null,"reminders":[],"useComment":"true","useReminder":"false"},"plugin":{"pluginIds":[]},"reports":[],"resource":{"tables":[{"rows":[{"fields":[],"objectId":"0","subObjectId":"-1"}],"type":"AppName"},{"rows":[{"fields":[],"objectId":"0","subObjectId":"-1"}],"type":"AppDescription"},{"rows":[{"fields":[],"objectId":"5125133","subObjectId":"-1"},{"fields":[],"objectId":"5125134","subObjectId":"-1"},{"fields":[],"objectId":"5125135","subObjectId":"-1"},{"fields":[],"objectId":"5125136","subObjectId":"-1"},{"fields":[],"objectId":"5125137","subObjectId":"-1"},{"fields":[],"objectId":"5125138","subObjectId":"-1"},{"fields":[],"objectId":"5125139","subObjectId":"-1"},{"fields":[],"objectId":"5125140","subObjectId":"-1"},{"fields":[],"objectId":"5125141","subObjectId":"-1"},{"fields":[],"objectId":"5125142","subObjectId":"-1"},{"fields":[],"objectId":"5125143","subObjectId":"-1"}],"type":"FieldLabel"},{"rows":[{"fields":[],"objectId":"5125145","subObjectId":"-1"},{"fields":[],"objectId":"20","subObjectId":"-1"}],"type":"ViewName"}]},"schema":{"groups":[],"revision":null,"subTable":{},"table":{"fieldList":{"5125133":{"id":"5125133","label":"レコード番号","properties":{"noLabel":"false","required":"true"},"type":"RECORD_ID","var":"レコード番号"},"5125134":{"id":"5125134","label":"更新者","properties":{"noLabel":"false","required":"true"},"type":"MODIFIER","var":"更新者"},"5125135":{"id":"5125135","label":"作成者","properties":{"noLabel":"false","required":"true"},"type":"CREATOR","var":"作成者"},"5125136":{"id":"5125136","label":"更新日時","properties":{"noLabel":"false","required":"true"},"type":"MODIFIED_AT","var":"更新日時"},"5125137":{"id":"5125137","label":"作成日時","properties":{"noLabel":"false","required":"true"},"type":"CREATED_AT","var":"作成日時"},"5125138":{"id":"5125138","label":"ステータス","properties":{"noLabel":"false","required":"false"},"type":"STATUS","var":"ステータス"},"5125139":{"id":"5125139","label":"作業者","properties":{"noLabel":"false","required":"false"},"type":"STATUS_ASSIGNEE","var":"作業者"},"5125140":{"id":"5125140","label":"カテゴリー","properties":{"noLabel":"false","required":"false"},"type":"CATEGORY","var":"カテゴリー"},"5125141":{"id":"5125141","label":"項目1","properties":{"defaultValue":"","expression":"","hideExpression":"false","max":null,"min":null,"noLabel":"false","required":"false","unique":"false"},"type":"SINGLE_LINE_TEXT","var":"項目1"},"5125142":{"id":"5125142","label":"項目2","properties":{"defaultValue":null,"digit":"false","displayScale":null,"max":null,"min":null,"noLabel":"false","required":"false","roundingMode":null,"scale":null,"unique":"false","unit":"","unitPosition":"BEFORE"},"type":"DECIMAL","var":"項目2"},"5125143":{"id":"5125143","label":"項目3","properties":{"defaultValue":"","noLabel":"false","required":"false"},"type":"MULTIPLE_LINE_TEXT","var":"項目3"}},"id":"1","label":"__ROOT__","var":"__ROOT__"}},"status":{"actions":[],"filters":[],"initialStateId":null,"states":[],"useStatus":"false"},"uuid":"94d004f2-cfb8-4d5e-b529-c1c0d3d05d0e","views":[{"advancedMode":"false","builtinType":null,"fields":[{"row":[{"id":"5125133"},{"id":"5125141"},{"id":"5125142"},{"id":"5125143"}]}],"filter":{"category":null,"offset":null,"order":["DESC"],"q":null,"size":null,"sort":["f5125133"]},"html":null,"keyFieldId":null,"name":"一覧","pager":null,"revision":null,"titleFieldId":null,"view":"5125145","viewType":"LIST"},{"advancedMode":null,"builtinType":"ALL","fields":[{"row":[{"id":"5125133"},{"id":"5125141"},{"id":"5125142"},{"id":"5125143"}]}],"filter":{"category":null,"offset":null,"order":[],"q":null,"size":null,"sort":[]},"html":null,"keyFieldId":null,"name":"（すべて）","pager":null,"revision":null,"titleFieldId":null,"view":"20","viewType":"LIST"}]}],"description":"kintone university デベロッパー 開発基礎コースのサンプルアプリです。","iconKey":"APP20","iconMeta":null,"iconSrcAppId":"f200f7be-cf27-40e5-8105-b3dccc4238b3","iconType":"PRESET","idConversionMap":{"49":"94d004f2-cfb8-4d5e-b529-c1c0d3d05d0e","48":"4971b798-be27-406b-8a6c-3e57c68a2c37","47":"f200f7be-cf27-40e5-8105-b3dccc4238b3"},"imagesMeta":[],"lookups":[],"name":"3章例題","references":[],"version":"15"}