{"actions":[],"apps":[{"acl":{"app":[],"field":[],"record":[]},"app":null,"category":{"categories":[],"useCategory":"false"},"form":{"layout":"[{\"id\":null,\"type\":\"ROW\",\"isSubTable\":false,\"var\":null,\"controlList\":[{\"isVirtical\":true,\"styleMap\":{\"width\":193},\"type\":\"SINGLE_LINE_TEXT\",\"var\":\"\\u9805\\u76ee1\",\"label\":\"\\u9805\\u76ee1\"}]},{\"id\":null,\"type\":\"ROW\",\"isSubTable\":false,\"var\":null,\"controlList\":[{\"isVirtical\":true,\"styleMap\":{\"width\":193},\"type\":\"SINGLE_LINE_TEXT\",\"var\":\"\\u9805\\u76ee2\",\"label\":\"\\u9805\\u76ee2\"}]}]","revision":null},"iconMeta":null,"info":{"code":null,"decimalPrecision":"16","decimalScale":"4","description":"\u003Cdiv\u003Ekintone university デベロッパー 開発基礎コースのサンプルアプリです。\u003Cbr /\u003E\u003C/div\u003E","enableBulkDeletion":"false","fiscalYearStartMonth":"4","iconKey":"APP62","iconType":"PRESET","jsFiles":null,"jsScope":"ALL","name":"２章例題","roundingMode":"HALF_EVEN","theme":"PLAIN","titleComponentLocalId":null,"useComment":"true","useHistory":"true","useThumbnail":"true"},"jsFiles":[{"jsFileMetas":[{"internalName":null,"locationType":"BLOB","mime":"application/javascript","name":"chapter02_1_1.js","url":null},{"internalName":null,"locationType":"BLOB","mime":"text/javascript","name":"chapter02_1_2.js","url":null},{"internalName":null,"locationType":"BLOB","mime":"text/javascript","name":"chapter02_1_3.js","url":null}],"jsType":"DESKTOP"}],"notification":{"appNotifications":[{"events":["RECORD_COMMENT_ADDED"],"target":{"entityId":"5125093","entityType":"FIELD_ENTITY","includeSubs":"false"}},{"events":["RECORD_COMMENT_ADDED"],"target":{"entityId":"5125094","entityType":"FIELD_ENTITY","includeSubs":"false"}}],"recordNotifications":[],"reminderTimezone":null,"reminders":[],"useComment":"true","useReminder":"false"},"plugin":{"pluginIds":[]},"reports":[{"advancedMode":"false","filter":{"category":null,"offset":null,"order":[],"q":null,"size":null,"sort":[]},"isAborted":null,"name":"グラフ","processType":null,"report":"5125113","reportType":"SUBTOTAL","revision":null,"settings":"{\"groups\":[],\"summaries\":[{\"op\":\"COUNT\",\"id\":null}],\"chartType\":\"column\",\"stackType\":\"clustered\",\"sort\":[\"s0\"],\"order\":[\"DESC\"]}","tallyPeriod":null,"tallyStartDateTime":null}],"resource":{"tables":[{"rows":[{"fields":[],"objectId":"0","subObjectId":"-1"}],"type":"AppName"},{"rows":[{"fields":[],"objectId":"0","subObjectId":"-1"}],"type":"AppDescription"},{"rows":[{"fields":[],"objectId":"5125092","subObjectId":"-1"},{"fields":[],"objectId":"5125093","subObjectId":"-1"},{"fields":[],"objectId":"5125094","subObjectId":"-1"},{"fields":[],"objectId":"5125095","subObjectId":"-1"},{"fields":[],"objectId":"5125096","subObjectId":"-1"},{"fields":[],"objectId":"5125097","subObjectId":"-1"},{"fields":[],"objectId":"5125098","subObjectId":"-1"},{"fields":[],"objectId":"5125099","subObjectId":"-1"},{"fields":[],"objectId":"5125100","subObjectId":"-1"},{"fields":[],"objectId":"5125114","subObjectId":"-1"}],"type":"FieldLabel"},{"rows":[{"fields":[],"objectId":"5125102","subObjectId":"-1"},{"fields":[],"objectId":"5125111","subObjectId":"-1"},{"fields":[],"objectId":"20","subObjectId":"-1"}],"type":"ViewName"},{"rows":[{"fields":[],"objectId":"5125103","subObjectId":"-1"},{"fields":[],"objectId":"5125104","subObjectId":"-1"},{"fields":[],"objectId":"5125105","subObjectId":"-1"}],"type":"StatusState"},{"rows":[{"fields":[],"objectId":"5125108","subObjectId":"-1"},{"fields":[],"objectId":"5125109","subObjectId":"-1"}],"type":"StatusAction"},{"rows":[{"fields":[],"objectId":"5125113","subObjectId":"-1"}],"type":"ReportName"}]},"schema":{"groups":[],"revision":null,"subTable":{},"table":{"fieldList":{"5125092":{"id":"5125092","label":"レコード番号","properties":{"noLabel":"false","required":"true"},"type":"RECORD_ID","var":"レコード番号"},"5125093":{"id":"5125093","label":"更新者","properties":{"noLabel":"false","required":"true"},"type":"MODIFIER","var":"更新者"},"5125094":{"id":"5125094","label":"作成者","properties":{"noLabel":"false","required":"true"},"type":"CREATOR","var":"作成者"},"5125095":{"id":"5125095","label":"更新日時","properties":{"noLabel":"false","required":"true"},"type":"MODIFIED_AT","var":"更新日時"},"5125096":{"id":"5125096","label":"作成日時","properties":{"noLabel":"false","required":"true"},"type":"CREATED_AT","var":"作成日時"},"5125097":{"id":"5125097","label":"ステータス","properties":{"noLabel":"false","required":"false"},"type":"STATUS","var":"ステータス"},"5125098":{"id":"5125098","label":"作業者","properties":{"noLabel":"false","required":"false"},"type":"STATUS_ASSIGNEE","var":"作業者"},"5125099":{"id":"5125099","label":"カテゴリー","properties":{"noLabel":"false","required":"false"},"type":"CATEGORY","var":"カテゴリー"},"5125100":{"id":"5125100","label":"項目1","properties":{"defaultValue":"","expression":"","hideExpression":"false","max":null,"min":null,"noLabel":"false","required":"false","unique":"false"},"type":"SINGLE_LINE_TEXT","var":"項目1"},"5125114":{"id":"5125114","label":"項目2","properties":{"defaultValue":"","expression":"","hideExpression":"false","max":null,"min":null,"noLabel":"false","required":"false","unique":"false"},"type":"SINGLE_LINE_TEXT","var":"項目2"}},"id":"1","label":"__ROOT__","var":"__ROOT__"}},"status":{"actions":[{"app":null,"assignees":[],"filter":"5125106","from":"5125103","fromLabel":null,"id":"5125108","label":"処理開始","record":null,"revision":null,"to":"5125104","toApprovalType":null,"toLabel":null,"valid":true},{"app":null,"assignees":[],"filter":"5125107","from":"5125104","fromLabel":null,"id":"5125109","label":"完了する","record":null,"revision":null,"to":"5125105","toApprovalType":null,"toLabel":null,"valid":true}],"filters":[{"condition":"","id":"5125106","state":"5125103"},{"condition":"","id":"5125107","state":"5125104"}],"initialStateId":"5125103","states":[{"approvalType":"ONE","assignees":[],"id":"5125103","initial":true,"label":"未処理","valid":true},{"approvalType":"ONE","assignees":[],"id":"5125104","initial":false,"label":"処理中","valid":true},{"approvalType":"ONE","assignees":[],"id":"5125105","initial":false,"label":"完了","valid":true}],"useStatus":"true"},"uuid":"a9999613-50ca-4cd0-934a-c3f0c71edb85","views":[{"advancedMode":"false","builtinType":null,"fields":[{"row":[{"id":"5125100"},{"id":"5125114"}]}],"filter":{"category":null,"offset":null,"order":["DESC"],"q":null,"size":null,"sort":["f5125092"]},"html":null,"keyFieldId":null,"name":"一覧","pager":null,"revision":null,"titleFieldId":null,"view":"5125102","viewType":"LIST"},{"advancedMode":"false","builtinType":"ASSIGN","fields":[{"row":[{"id":"5125092"},{"id":"5125100"},{"id":"5125097"},{"id":"5125098"}]}],"filter":{"category":null,"offset":null,"order":[],"q":"f5125098 in (LOGINUSER())","size":null,"sort":[]},"html":null,"keyFieldId":null,"name":"（作業者が自分）","pager":null,"revision":null,"titleFieldId":null,"view":"5125111","viewType":"LIST"},{"advancedMode":null,"builtinType":"ALL","fields":[{"row":[{"id":"5125092"},{"id":"5125100"},{"id":"5125097"},{"id":"5125098"},{"id":"5125114"}]}],"filter":{"category":null,"offset":null,"order":[],"q":null,"size":null,"sort":[]},"html":null,"keyFieldId":null,"name":"（すべて）","pager":null,"revision":null,"titleFieldId":null,"view":"20","viewType":"LIST"}]}],"description":"kintone university デベロッパー 開発基礎コースのサンプルアプリです。","iconKey":"2015121320265810CACCFE544245C6AF6F9CCF6F1E6ACB172","iconMeta":{"internalName":null,"mime":"image/png","name":"document.png"},"iconSrcAppId":null,"iconType":"BLOB","idConversionMap":{"22":"a9999613-50ca-4cd0-934a-c3f0c71edb85"},"imagesMeta":[],"lookups":[],"name":"2章例題","references":[],"version":"15"}