{"actions":[],"apps":[{"acl":{"app":[],"field":[],"record":[]},"app":null,"category":{"categories":[],"useCategory":"false"},"form":{"layout":"[{\"id\":null,\"type\":\"ROW\",\"isSubTable\":false,\"var\":null,\"controlList\":[{\"isVirtical\":true,\"styleMap\":{\"width\":296},\"type\":\"SINGLE_LINE_TEXT\",\"var\":\"\\u4f1a\\u793e\\u540d\",\"label\":\"\\u4f1a\\u793e\\u540d\"}]},{\"id\":null,\"type\":\"ROW\",\"isSubTable\":false,\"var\":null,\"controlList\":[{\"isVirtical\":true,\"styleMap\":{\"width\":100},\"type\":\"SINGLE_LINE_TEXT\",\"var\":\"\\u90f5\\u4fbf\\u5834\\u53f7\",\"label\":\"\\u90f5\\u4fbf\\u5834\\u53f7\"},{\"isVirtical\":true,\"styleMap\":{\"width\":100},\"type\":\"SINGLE_LINE_TEXT\",\"var\":\"\\u90fd\\u9053\\u5e9c\\u770c\",\"label\":\"\\u90fd\\u9053\\u5e9c\\u770c\"},{\"isVirtical\":true,\"styleMap\":{\"width\":195},\"type\":\"SINGLE_LINE_TEXT\",\"var\":\"\\u5e02\\u533a\\u753a\\u6751\",\"label\":\"\\u5e02\\u533a\\u753a\\u6751\"},{\"isVirtical\":true,\"styleMap\":{\"width\":195},\"type\":\"SINGLE_LINE_TEXT\",\"var\":\"\\u753a\\u57df\\u540d\",\"label\":\"\\u753a\\u57df\\u540d\"}]},{\"id\":null,\"type\":\"ROW\",\"isSubTable\":false,\"var\":null,\"controlList\":[{\"isVirtical\":true,\"styleMap\":{\"width\":200},\"type\":\"SINGLE_LINE_TEXT\",\"var\":\"\\u62c5\\u5f53\\u8005\\u6c0f\\u540d\",\"label\":\"\\u62c5\\u5f53\\u8005\\u6c0f\\u540d\"},{\"isVirtical\":true,\"styleMap\":{\"width\":195},\"type\":\"SINGLE_LINE_TEXT\",\"var\":\"\\u76f4\\u901a\\u96fb\\u8a71\\u756a\\u53f7\",\"label\":\"\\u76f4\\u901a\\u96fb\\u8a71\\u756a\\u53f7\"},{\"isVirtical\":true,\"styleMap\":{\"width\":193},\"type\":\"SINGLE_LINE_TEXT\",\"var\":\"FAX\\u756a\\u53f7\",\"label\":\"FAX\\u756a\\u53f7\"}]}]","revision":null},"iconMeta":null,"info":{"code":null,"decimalPrecision":"16","decimalScale":"4","description":"\u003Cdiv\u003E\u003Cspan style=\"font-size: 16.0px;line-height: 15.6px;\"\u003Ekintone university デベロッパー 開発基礎コースのサンプルアプリです。\u003C/span\u003E\u003Cbr /\u003E\u003C/div\u003E","enableBulkDeletion":"false","fiscalYearStartMonth":"4","iconKey":"APP68","iconType":"PRESET","jsFiles":null,"jsScope":"ALL","name":"４章_担当者","roundingMode":"HALF_EVEN","theme":"PLAIN","titleComponentLocalId":null,"useComment":"true","useHistory":"true","useThumbnail":"true"},"jsFiles":[],"notification":{"appNotifications":[{"events":["RECORD_COMMENT_ADDED"],"target":{"entityId":"5125049","entityType":"FIELD_ENTITY","includeSubs":"false"}},{"events":["RECORD_COMMENT_ADDED"],"target":{"entityId":"5125050","entityType":"FIELD_ENTITY","includeSubs":"false"}}],"recordNotifications":[],"reminderTimezone":null,"reminders":[],"useComment":"true","useReminder":"false"},"plugin":{"pluginIds":[]},"reports":[],"resource":{"tables":[{"rows":[{"fields":[],"objectId":"0","subObjectId":"-1"}],"type":"AppName"},{"rows":[{"fields":[],"objectId":"0","subObjectId":"-1"}],"type":"AppDescription"},{"rows":[{"fields":[],"objectId":"5125048","subObjectId":"-1"},{"fields":[],"objectId":"5125049","subObjectId":"-1"},{"fields":[],"objectId":"5125050","subObjectId":"-1"},{"fields":[],"objectId":"5125051","subObjectId":"-1"},{"fields":[],"objectId":"5125052","subObjectId":"-1"},{"fields":[],"objectId":"5125053","subObjectId":"-1"},{"fields":[],"objectId":"5125054","subObjectId":"-1"},{"fields":[],"objectId":"5125055","subObjectId":"-1"},{"fields":[],"objectId":"5125058","subObjectId":"-1"},{"fields":[],"objectId":"5125061","subObjectId":"-1"},{"fields":[],"objectId":"5125066","subObjectId":"-1"},{"fields":[],"objectId":"5125067","subObjectId":"-1"},{"fields":[],"objectId":"5125367","subObjectId":"-1"},{"fields":[],"objectId":"5125368","subObjectId":"-1"},{"fields":[],"objectId":"5125369","subObjectId":"-1"},{"fields":[],"objectId":"5125370","subObjectId":"-1"}],"type":"FieldLabel"},{"rows":[{"fields":[],"objectId":"5125060","subObjectId":"-1"},{"fields":[],"objectId":"20","subObjectId":"-1"}],"type":"ViewName"}]},"schema":{"groups":[],"revision":null,"subTable":{},"table":{"fieldList":{"5125048":{"id":"5125048","label":"レコード番号","properties":{"noLabel":"false","required":"true"},"type":"RECORD_ID","var":"レコード番号"},"5125049":{"id":"5125049","label":"更新者","properties":{"noLabel":"false","required":"true"},"type":"MODIFIER","var":"更新者"},"5125050":{"id":"5125050","label":"作成者","properties":{"noLabel":"false","required":"true"},"type":"CREATOR","var":"作成者"},"5125051":{"id":"5125051","label":"更新日時","properties":{"noLabel":"false","required":"true"},"type":"MODIFIED_AT","var":"更新日時"},"5125052":{"id":"5125052","label":"作成日時","properties":{"noLabel":"false","required":"true"},"type":"CREATED_AT","var":"作成日時"},"5125053":{"id":"5125053","label":"ステータス","properties":{"noLabel":"false","required":"false"},"type":"STATUS","var":"ステータス"},"5125054":{"id":"5125054","label":"作業者","properties":{"noLabel":"false","required":"false"},"type":"STATUS_ASSIGNEE","var":"作業者"},"5125055":{"id":"5125055","label":"カテゴリー","properties":{"noLabel":"false","required":"false"},"type":"CATEGORY","var":"カテゴリー"},"5125058":{"id":"5125058","label":"担当者氏名","properties":{"defaultValue":"","expression":"","hideExpression":"false","max":null,"min":null,"noLabel":"false","required":"true","unique":"false"},"type":"SINGLE_LINE_TEXT","var":"担当者氏名"},"5125061":{"id":"5125061","label":"会社名","properties":{"defaultValue":"","expression":"","hideExpression":"false","max":null,"min":null,"noLabel":"false","required":"false","unique":"false"},"type":"SINGLE_LINE_TEXT","var":"会社名"},"5125066":{"id":"5125066","label":"直通電話番号","properties":{"defaultValue":"","expression":"","hideExpression":"false","max":null,"min":null,"noLabel":"false","required":"false","unique":"false"},"type":"SINGLE_LINE_TEXT","var":"直通電話番号"},"5125067":{"id":"5125067","label":"FAX番号","properties":{"defaultValue":"","expression":"","hideExpression":"false","max":null,"min":null,"noLabel":"false","required":"false","unique":"false"},"type":"SINGLE_LINE_TEXT","var":"FAX番号"},"5125367":{"id":"5125367","label":"郵便場号","properties":{"defaultValue":"","expression":"","hideExpression":"false","max":null,"min":null,"noLabel":"false","required":"false","unique":"false"},"type":"SINGLE_LINE_TEXT","var":"郵便場号"},"5125368":{"id":"5125368","label":"都道府県","properties":{"defaultValue":"","expression":"","hideExpression":"false","max":null,"min":null,"noLabel":"false","required":"false","unique":"false"},"type":"SINGLE_LINE_TEXT","var":"都道府県"},"5125369":{"id":"5125369","label":"市区町村","properties":{"defaultValue":"","expression":"","hideExpression":"false","max":null,"min":null,"noLabel":"false","required":"false","unique":"false"},"type":"SINGLE_LINE_TEXT","var":"市区町村"},"5125370":{"id":"5125370","label":"町域名","properties":{"defaultValue":"","expression":"","hideExpression":"false","max":null,"min":null,"noLabel":"false","required":"false","unique":"false"},"type":"SINGLE_LINE_TEXT","var":"町域名"}},"id":"1","label":"__ROOT__","var":"__ROOT__"}},"status":{"actions":[],"filters":[],"initialStateId":null,"states":[],"useStatus":"false"},"uuid":"3b5c38c1-74de-43dd-b46b-01e41d3a031f","views":[{"advancedMode":"false","builtinType":null,"fields":[{"row":[{"id":"5125061"},{"id":"5125058"},{"id":"5125066"},{"id":"5125067"}]}],"filter":{"category":null,"offset":null,"order":["ASC","ASC"],"q":null,"size":null,"sort":["f5125061","f5125058"]},"html":null,"keyFieldId":null,"name":"担当者一覧","pager":null,"revision":null,"titleFieldId":null,"view":"5125060","viewType":"LIST"},{"advancedMode":null,"builtinType":"ALL","fields":[{"row":[{"id":"5125048"},{"id":"5125058"},{"id":"5125061"},{"id":"5125066"},{"id":"5125067"},{"id":"5125367"},{"id":"5125368"},{"id":"5125369"},{"id":"5125370"}]}],"filter":{"category":null,"offset":null,"order":[],"q":null,"size":null,"sort":[]},"html":null,"keyFieldId":null,"name":"（すべて）","pager":null,"revision":null,"titleFieldId":null,"view":"20","viewType":"LIST"}]},{"acl":{"app":[],"field":[],"record":[]},"app":null,"category":{"categories":[],"useCategory":"false"},"form":{"layout":"[{\"id\":null,\"type\":\"ROW\",\"isSubTable\":false,\"var\":null,\"controlList\":[{\"isVirtical\":true,\"styleMap\":{\"width\":330},\"type\":\"SINGLE_LINE_TEXT\",\"var\":\"\\u4f1a\\u793e\\u540d\",\"label\":\"\\u4f1a\\u793e\\u540d\"},{\"isVirtical\":true,\"styleMap\":{\"width\":193},\"type\":\"SINGLE_LINE_TEXT\",\"var\":\"\\u4ee3\\u8868\\u96fb\\u8a71\\u756a\\u53f7\",\"label\":\"\\u4ee3\\u8868\\u96fb\\u8a71\\u756a\\u53f7\"}]},{\"id\":null,\"type\":\"ROW\",\"isSubTable\":false,\"var\":null,\"controlList\":[{\"label\":\"\u003Cdiv\u003E\u003Cfont color=\\\"#ff9900\\\" size=\\\"4\\\"\u003E\\u62c5\\u5f53\\u8005\\u4e00\\u89a7\u003C/font\u003E\u003C/div\u003E\",\"styleMap\":{\"width\":125},\"type\":\"LABEL\"}]},{\"id\":null,\"type\":\"ROW\",\"isSubTable\":false,\"var\":null,\"controlList\":[{\"styleMap\":{\"width\":1002,\"height\":66},\"elementId\":\"PersonList\",\"type\":\"SPACER\"}]},{\"id\":null,\"type\":\"ROW\",\"isSubTable\":false,\"var\":null,\"controlList\":[{\"label\":\"\u003Cdiv\u003E\u003Cfont color=\\\"#ff9900\\\" size=\\\"4\\\"\u003E\\u9023\\u7d61\\u5148\\u4f4f\\u6240\u003C/font\u003E\u003C/div\u003E\",\"styleMap\":{\"width\":125},\"type\":\"LABEL\"}]},{\"id\":null,\"type\":\"ROW\",\"isSubTable\":false,\"var\":null,\"controlList\":[{\"isVirtical\":true,\"styleMap\":{\"width\":186},\"type\":\"SINGLE_LINE_TEXT\",\"var\":\"\\u90f5\\u4fbf\\u756a\\u53f7\",\"label\":\"\\u90f5\\u4fbf\\u756a\\u53f7\"},{\"isVirtical\":true,\"styleMap\":{\"width\":186},\"type\":\"SINGLE_LINE_TEXT\",\"var\":\"\\u90fd\\u9053\\u5e9c\\u770c\",\"label\":\"\\u90fd\\u9053\\u5e9c\\u770c\"},{\"isVirtical\":true,\"styleMap\":{\"width\":315},\"type\":\"SINGLE_LINE_TEXT\",\"var\":\"\\u5e02\\u533a\\u753a\\u6751\",\"label\":\"\\u5e02\\u533a\\u753a\\u6751\"},{\"isVirtical\":true,\"styleMap\":{\"width\":315},\"type\":\"SINGLE_LINE_TEXT\",\"var\":\"\\u753a\\u57df\\u540d\",\"label\":\"\\u753a\\u57df\\u540d\"}]},{\"id\":null,\"type\":\"ROW\",\"isSubTable\":false,\"var\":null,\"controlList\":[{\"label\":\"\u003Cdiv\u003E\u003Cfont color=\\\"#ff9900\\\" size=\\\"4\\\"\u003E\\u8acb\\u6c42\\u5148\\u4f4f\\u6240\u003C/font\u003E\u003C/div\u003E\",\"styleMap\":{\"width\":125},\"type\":\"LABEL\"}]},{\"id\":null,\"type\":\"ROW\",\"isSubTable\":false,\"var\":null,\"controlList\":[{\"isVirtical\":true,\"styleMap\":{\"width\":186},\"type\":\"SINGLE_LINE_TEXT\",\"var\":\"\\u90f5\\u4fbf\\u756a\\u53f7_\\u8acb\\u6c42\\u5148\",\"label\":\"\\u90f5\\u4fbf\\u756a\\u53f7\"},{\"isVirtical\":true,\"styleMap\":{\"width\":186},\"type\":\"SINGLE_LINE_TEXT\",\"var\":\"\\u90fd\\u9053\\u5e9c\\u770c_\\u8acb\\u6c42\\u5148\",\"label\":\"\\u90fd\\u9053\\u5e9c\\u770c\"},{\"isVirtical\":true,\"styleMap\":{\"width\":315},\"type\":\"SINGLE_LINE_TEXT\",\"var\":\"\\u5e02\\u533a\\u753a\\u6751_\\u8acb\\u6c42\\u5148\",\"label\":\"\\u5e02\\u533a\\u753a\\u6751\"},{\"isVirtical\":true,\"styleMap\":{\"width\":315},\"type\":\"SINGLE_LINE_TEXT\",\"var\":\"\\u753a\\u57df\\u540d_\\u8acb\\u6c42\\u5148\",\"label\":\"\\u753a\\u57df\\u540d\"}]}]","revision":null},"iconMeta":null,"info":{"code":null,"decimalPrecision":"16","decimalScale":"4","description":"\u003Cdiv\u003E\u003Cspan style=\"font-size: 16.0px;line-height: 15.6px;\"\u003Ekintone university デベロッパー 開発基礎コースのサンプルアプリです。\u003C/span\u003E\u003Cbr /\u003E\u003C/div\u003E","enableBulkDeletion":"false","fiscalYearStartMonth":"4","iconKey":"APP49","iconType":"PRESET","jsFiles":null,"jsScope":"ALL","name":"４章_会社","roundingMode":"HALF_EVEN","theme":"PLAIN","titleComponentLocalId":null,"useComment":"true","useHistory":"true","useThumbnail":"true"},"jsFiles":[],"notification":{"appNotifications":[{"events":["RECORD_COMMENT_ADDED"],"target":{"entityId":"5125037","entityType":"FIELD_ENTITY","includeSubs":"false"}},{"events":["RECORD_COMMENT_ADDED"],"target":{"entityId":"5125038","entityType":"FIELD_ENTITY","includeSubs":"false"}}],"recordNotifications":[],"reminderTimezone":null,"reminders":[],"useComment":"true","useReminder":"false"},"plugin":{"pluginIds":[]},"reports":[],"resource":{"tables":[{"rows":[{"fields":[],"objectId":"0","subObjectId":"-1"}],"type":"AppName"},{"rows":[{"fields":[],"objectId":"0","subObjectId":"-1"}],"type":"AppDescription"},{"rows":[{"fields":[],"objectId":"5125036","subObjectId":"-1"},{"fields":[],"objectId":"5125037","subObjectId":"-1"},{"fields":[],"objectId":"5125038","subObjectId":"-1"},{"fields":[],"objectId":"5125039","subObjectId":"-1"},{"fields":[],"objectId":"5125040","subObjectId":"-1"},{"fields":[],"objectId":"5125041","subObjectId":"-1"},{"fields":[],"objectId":"5125042","subObjectId":"-1"},{"fields":[],"objectId":"5125043","subObjectId":"-1"},{"fields":[],"objectId":"5125045","subObjectId":"-1"},{"fields":[],"objectId":"5125063","subObjectId":"-1"},{"fields":[],"objectId":"5125064","subObjectId":"-1"},{"fields":[],"objectId":"5125293","subObjectId":"-1"},{"fields":[],"objectId":"5125294","subObjectId":"-1"},{"fields":[],"objectId":"5125295","subObjectId":"-1"},{"fields":[],"objectId":"5125296","subObjectId":"-1"},{"fields":[],"objectId":"5125297","subObjectId":"-1"},{"fields":[],"objectId":"5125298","subObjectId":"-1"},{"fields":[],"objectId":"5125299","subObjectId":"-1"}],"type":"FieldLabel"},{"rows":[{"fields":[],"objectId":"5125047","subObjectId":"-1"},{"fields":[],"objectId":"20","subObjectId":"-1"}],"type":"ViewName"}]},"schema":{"groups":[],"revision":null,"subTable":{},"table":{"fieldList":{"5125036":{"id":"5125036","label":"レコード番号","properties":{"noLabel":"false","required":"true"},"type":"RECORD_ID","var":"レコード番号"},"5125037":{"id":"5125037","label":"更新者","properties":{"noLabel":"false","required":"true"},"type":"MODIFIER","var":"更新者"},"5125038":{"id":"5125038","label":"作成者","properties":{"noLabel":"false","required":"true"},"type":"CREATOR","var":"作成者"},"5125039":{"id":"5125039","label":"更新日時","properties":{"noLabel":"false","required":"true"},"type":"MODIFIED_AT","var":"更新日時"},"5125040":{"id":"5125040","label":"作成日時","properties":{"noLabel":"false","required":"true"},"type":"CREATED_AT","var":"作成日時"},"5125041":{"id":"5125041","label":"ステータス","properties":{"noLabel":"false","required":"false"},"type":"STATUS","var":"ステータス"},"5125042":{"id":"5125042","label":"作業者","properties":{"noLabel":"false","required":"false"},"type":"STATUS_ASSIGNEE","var":"作業者"},"5125043":{"id":"5125043","label":"カテゴリー","properties":{"noLabel":"false","required":"false"},"type":"CATEGORY","var":"カテゴリー"},"5125045":{"id":"5125045","label":"会社名","properties":{"defaultValue":"","expression":"","hideExpression":"false","max":"64","min":null,"noLabel":"false","required":"true","unique":"true"},"type":"SINGLE_LINE_TEXT","var":"会社名"},"5125063":{"id":"5125063","label":"郵便番号","properties":{"defaultValue":"","expression":"","hideExpression":"false","max":null,"min":null,"noLabel":"false","required":"false","unique":"false"},"type":"SINGLE_LINE_TEXT","var":"郵便番号"},"5125064":{"id":"5125064","label":"代表電話番号","properties":{"defaultValue":"","expression":"","hideExpression":"false","max":null,"min":null,"noLabel":"false","required":"false","unique":"false"},"type":"SINGLE_LINE_TEXT","var":"代表電話番号"},"5125293":{"id":"5125293","label":"都道府県","properties":{"defaultValue":"","expression":"","hideExpression":"false","max":null,"min":null,"noLabel":"false","required":"false","unique":"false"},"type":"SINGLE_LINE_TEXT","var":"都道府県"},"5125294":{"id":"5125294","label":"市区町村","properties":{"defaultValue":"","expression":"","hideExpression":"false","max":null,"min":null,"noLabel":"false","required":"false","unique":"false"},"type":"SINGLE_LINE_TEXT","var":"市区町村"},"5125295":{"id":"5125295","label":"町域名","properties":{"defaultValue":"","expression":"","hideExpression":"false","max":null,"min":null,"noLabel":"false","required":"false","unique":"false"},"type":"SINGLE_LINE_TEXT","var":"町域名"},"5125296":{"id":"5125296","label":"郵便番号","properties":{"defaultValue":"","expression":"","hideExpression":"false","max":null,"min":null,"noLabel":"false","required":"false","unique":"false"},"type":"SINGLE_LINE_TEXT","var":"郵便番号_請求先"},"5125297":{"id":"5125297","label":"都道府県","properties":{"defaultValue":"","expression":"","hideExpression":"false","max":null,"min":null,"noLabel":"false","required":"false","unique":"false"},"type":"SINGLE_LINE_TEXT","var":"都道府県_請求先"},"5125298":{"id":"5125298","label":"市区町村","properties":{"defaultValue":"","expression":"","hideExpression":"false","max":null,"min":null,"noLabel":"false","required":"false","unique":"false"},"type":"SINGLE_LINE_TEXT","var":"市区町村_請求先"},"5125299":{"id":"5125299","label":"町域名","properties":{"defaultValue":"","expression":"","hideExpression":"false","max":null,"min":null,"noLabel":"false","required":"false","unique":"false"},"type":"SINGLE_LINE_TEXT","var":"町域名_請求先"}},"id":"1","label":"__ROOT__","var":"__ROOT__"}},"status":{"actions":[],"filters":[],"initialStateId":null,"states":[],"useStatus":"false"},"uuid":"85dd7154-87b9-4c8e-b1c3-4c18a5eb6ab3","views":[{"advancedMode":"false","builtinType":null,"fields":[{"row":[{"id":"5125045"},{"id":"5125063"},{"id":"5125293"},{"id":"5125294"},{"id":"5125295"},{"id":"5125064"}]}],"filter":{"category":null,"offset":null,"order":["DESC"],"q":null,"size":null,"sort":["f5125036"]},"html":null,"keyFieldId":null,"name":"会社一覧","pager":null,"revision":null,"titleFieldId":null,"view":"5125047","viewType":"LIST"},{"advancedMode":null,"builtinType":"ALL","fields":[{"row":[{"id":"5125036"},{"id":"5125045"},{"id":"5125063"},{"id":"5125064"},{"id":"5125293"},{"id":"5125294"},{"id":"5125295"},{"id":"5125296"},{"id":"5125297"},{"id":"5125298"},{"id":"5125299"}]}],"filter":{"category":null,"offset":null,"order":[],"q":null,"size":null,"sort":[]},"html":null,"keyFieldId":null,"name":"（すべて）","pager":null,"revision":null,"titleFieldId":null,"view":"20","viewType":"LIST"}]}],"description":"","iconKey":"APP68","iconMeta":null,"iconSrcAppId":"3b5c38c1-74de-43dd-b46b-01e41d3a031f","iconType":"PRESET","idConversionMap":{"19":"85dd7154-87b9-4c8e-b1c3-4c18a5eb6ab3","18":"3b5c38c1-74de-43dd-b46b-01e41d3a031f"},"imagesMeta":[],"lookups":[{"actingAppId":"3b5c38c1-74de-43dd-b46b-01e41d3a031f","fieldMappings":[{"fieldId":"5125367","targetFieldId":"5125063"},{"fieldId":"5125368","targetFieldId":"5125293"},{"fieldId":"5125369","targetFieldId":"5125294"},{"fieldId":"5125370","targetFieldId":"5125295"}],"keyMapping":{"fieldId":"5125061","targetFieldId":"5125045"},"listFields":["5125045","5125293","5125294"],"query":{"category":null,"offset":null,"order":["desc"],"q":"order by f5125036 desc","size":null,"sort":["f5125036"]},"targetAppId":"85dd7154-87b9-4c8e-b1c3-4c18a5eb6ab3"}],"name":"4章例題","references":[],"version":"15"}